,,Ruzicka
DDD,DDSA,0.5
AVG,PAVG,0.5
DGN,DGS,0.5
PAVD,PAVREL,0.391304347826087
AVG,AVW,0.375
DIN,DIS,0.37037037037037035
DRELS,PKOR,0.3584905660377358
VAFIN.ind,VKFIN.ind,0.3392857142857143
VAFIN.konj,VKFIN.konj,0.3076923076923077
AVW,PAVG,0.2857142857142857
AVG,PAVREL,0.2727272727272727
KON,KOUS,0.2634146341463415
DDART,DDS,0.25984251968503935
VKFIN.*,VKFIN.ind,0.2549019607843137
DNEGS,PTKANT,0.25
APPR,PAVAP,0.24573378839590443
DDART,PKOR,0.24358974358974358
VMFIN.*,VMFIN.ind,0.2336448598130841
PTKA,PTKN,0.23333333333333334
PAVAP,PTKVZ,0.23076923076923078
VAFIN.*,VKFIN.*,0.22972972972972974
DPOSA,DPOSS,0.22826086956521738
DDS,PKOR,0.2261904761904762
DGA,DRELA,0.21951219512195122
DRELS,PG,0.21794871794871795
DDS,DRELS,0.21621621621621623
VMFIN.ind,VMFIN.konj,0.21568627450980393
VKFIN.*,VKFIN.konj,0.21428571428571427
AVW,PAVREL,0.21428571428571427
DDART,DRELS,0.205607476635514
CARDA,CARDS,0.20555555555555555
PAVG,PAVREL,0.2
AVREL,PAVREL,0.1891891891891892
VAFIN.*,VAFIN.ind,0.18604651162790697
PTKG,PTKREL,0.16666666666666666
DPOSD,DPOSN,0.16666666666666666
VMFIN.konj,VMINF,0.16666666666666666
APPR,PTKVZ,0.1625441696113074
DIN,PTKN,0.1590909090909091
KOKOM,KOUS,0.15862068965517243
VVFIN.*,VVFIN.ind,0.15584415584415584
DPOSD,VKINF,0.15384615384615385
VMFIN.*,VMFIN.konj,0.15217391304347827
VKFIN.*,VKINF,0.14634146341463414
KOKOM,PTKA,0.14516129032258066
DIA,PI,0.14330218068535824
AVREL,PAVD,0.14285714285714285
DGS,DRELA,0.14285714285714285
VAFIN.konj,VKFIN.*,0.14
AVREL,AVW,0.1388888888888889
DRELA,DRELS,0.13793103448275862
KOKOM,PTKN,0.1346153846153846
VAFIN.ind,VKFIN.*,0.13333333333333333
AVG,PAVD,0.13043478260869565
VAFIN.*,VKFIN.ind,0.125
DNEGA,PNEG,0.12195121951219512
VAFIN.*,VAFIN.konj,0.12121212121212122
VKINF,VKPP,0.11764705882352941
AVG,AVREL,0.11764705882352941
AVW,PAVD,0.11538461538461539
DPOSD,DPOSS,0.11538461538461539
VAFIN.*,VKFIN.konj,0.11475409836065574
CARDN,CARDS,0.11290322580645161
DIN,PTKA,0.10526315789473684
PG,PKOR,0.10526315789473684
KOKOM,KON,0.10526315789473684
DIART,PTKNEG,0.1
DIART,DIS,0.0975609756097561
DGA,PG,0.09722222222222222
DRELA,PKOR,0.0967741935483871
KOKOM,PTKG,0.0967741935483871
DRELA,PG,0.09615384615384616
KOUS,PTKA,0.09580838323353294
DDA,DDS,0.09558823529411764
AVREL,KOUS,0.09433962264150944
DIART,PPER,0.09375
DDART,DIART,0.09375
DPOSA,PPER,0.09239130434782608
VVFIN.*,VVINF,0.0923352756611385
VAPP,VKPP,0.09090909090909091
PAVD,PAVG,0.09090909090909091
DRELS,KOUS,0.09090909090909091
DPOSN,VKINF,0.09090909090909091
DDART,KOUS,0.09045226130653267
PTKA,PTKG,0.08888888888888889
VMFIN.*,VMINF,0.08888888888888889
ADJD,ADJV,0.08848314606741572
VVFIN.*,VVFIN.konj,0.08532695374800638
VAPP,VKINF,0.08333333333333333
DIART,PI,0.08205128205128205
DIS,PI,0.08108108108108109
VMFIN.ind,VMINF,0.08
KON,PTKA,0.08
APPO,PTKVZ,0.07920792079207921
KON,PTKN,0.07913669064748201
APPR,KOUS,0.07887323943661972
OA,XY,0.07818930041152264
APPR,AVD,0.07700534759358289
VAINF,VKINF,0.07692307692307693
AVD,KOUS,0.07491082045184304
APPO,PAVAP,0.07407407407407407
DIN,PI,0.07407407407407407
DGN,DRELA,0.07142857142857142
DPOSD,VMINF,0.07142857142857142
DIS,PTKA,0.07142857142857142
APPR,KON,0.07100591715976332
DDA,DDART,0.06716417910447761
DDS,KOUS,0.06698564593301436
KO*,KOKOM,0.06666666666666667
PTKREL,VVIMP,0.06666666666666667
VKFIN.konj,VMFIN.konj,0.06666666666666667
VAFIN.*,VKINF,0.06666666666666667
KOKOM,PKOR,0.06666666666666667
DIS,PTKN,0.06666666666666667
PTKA,PTKZU,0.06521739130434782
DIS,PTKNEG,0.06451612903225806
PNEG,PTKNEG,0.06451612903225806
VAINF,VKFIN.*,0.0641025641025641
VVFIN.ind,VVPP,0.06270447110141766
DPOSS,VKINF,0.0625
DIA,DIN,0.0625
DPOSS,PPER,0.0625
VAFIN.ind,VAFIN.konj,0.0625
KOUS,PTKN,0.062111801242236024
VVFIN.ind,VVFIN.konj,0.06187624750499002
AVREL,DRELS,0.06172839506172839
AVD,PAVAP,0.06107784431137724
PG,PI,0.06103286384976526
AVD,KON,0.060024009603841535
DGA,DIS,0.06
KOKOM,PG,0.05970149253731343
VVFIN.*,VVPP,0.059433962264150944
DGN,DIS,0.058823529411764705
DID,DIS,0.058823529411764705
DNEGS,PTKNEG,0.058823529411764705
AVREL,PAVG,0.058823529411764705
AVG,DRELA,0.058823529411764705
AVREL,PKOR,0.058823529411764705
ADJA,ADJS,0.05778894472361809
PTKN,PTKZU,0.05714285714285714
PTKG,PTKN,0.05714285714285714
AVREL,DDART,0.05714285714285714
DRELS,PAVD,0.05714285714285714
DGA,DIN,0.05660377358490566
DDART,PPER,0.055865921787709494
PTKANT,PTKNEG,0.05555555555555555
DGA,DGS,0.05555555555555555
DDN,DIS,0.05555555555555555
DGS,DIS,0.05555555555555555
VAFIN.konj,VMFIN.konj,0.05555555555555555
AVREL,KON,0.05517241379310345
AVREL,PG,0.0547945205479452
AVREL,PTKA,0.0547945205479452
DPOSN,VKFIN.*,0.05405405405405406
DRELS,PI,0.053811659192825115
VKINF,VMINF,0.05263157894736842
KOUS,PKOR,0.05263157894736842
PTKG,VKFIN.konj,0.05263157894736842
VAPP,VKFIN.*,0.05263157894736842
DRELS,KOKOM,0.05263157894736842
AVD,PTKVZ,0.05198019801980198
KOUS,PAVD,0.05194805194805195
VAFIN.*,VMFIN.*,0.05185185185185185
VKFIN.ind,VKFIN.konj,0.05128205128205128
ADJV,AVD,0.05015353121801433
PTKG,VVIMP,0.05
PAVD,PKOR,0.05
DPOSD,VKFIN.*,0.05
DDD,PKOR,0.05
DPDS,PKOR,0.05
VAFIN,VAFIN.konj,0.05
DGN,DIN,0.05
DID,DIN,0.05
CARDA,CARDN,0.05
AVW,DRELA,0.05
PI,PPER,0.0498220640569395
PPER,VKFIN.*,0.04929577464788732
KOUS,PAVAP,0.048
DGA,PI,0.04784688995215311
DNEGA,DNEGS,0.047619047619047616
PTKG,PTKNEG,0.047619047619047616
DGA,DRELS,0.047619047619047616
VAFIN.konj,VAINF,0.047619047619047616
DGA,DIA,0.047619047619047616
DDSA,PKOR,0.047619047619047616
DPOSN,VAFIN.konj,0.047619047619047616
DDN,DIN,0.047619047619047616
PPER,PTKVZ,0.047619047619047616
DGS,DIN,0.047619047619047616
APPO,APPR,0.047244094488188976
PPER,PRF,0.046875
DGS,PG,0.046511627906976744
NA,VVINF,0.046289031853130394
DDART,DRELA,0.04597701149425287
KOUS,PG,0.045714285714285714
VKFIN.*,VKPP,0.045454545454545456
VKFIN.konj,VKPP,0.045454545454545456
DPOSS,VAINF,0.04477611940298507
KON,PAVD,0.044444444444444446
DPOSA,DPOSD,0.044444444444444446
AVNEG,PNEG,0.04411764705882353
VKFIN.konj,VKINF,0.043478260869565216
KO*,PKOR,0.043478260869565216
PAVAP,PAVD,0.043478260869565216
DIN,KOKOM,0.043478260869565216
DDART,PG,0.043478260869565216
AVREL,DRELA,0.043478260869565216
ADJD,ADJN,0.0432
VVINF,VVPP,0.04309987567343556
DDS,DRELA,0.043010752688172046
AVREL,VVIMP,0.0425531914893617
DDART,PAVD,0.042105263157894736
VAFIN.konj,VVFIN.konj,0.04195804195804196
VAFIN.*,VAINF,0.041666666666666664
DIART,PRF,0.041666666666666664
DPOSGEN,DPOSS,0.041666666666666664
DPOSD,VAFIN.konj,0.041666666666666664
KOUS,PAVREL,0.041666666666666664
VMINF,VVIMP,0.041666666666666664
DIA,DIS,0.04145077720207254
AVW,KON,0.04132231404958678
DDS,PG,0.04132231404958678
CARDS,DIS,0.0410958904109589
DPOSD,VAINF,0.04081632653061224
PPER,PTKNEG,0.04065040650406504
KON,PTKVZ,0.04060913705583756
KO*,PAVD,0.04
DIART,DPOSS,0.04
DNEGS,PNEG,0.04
DPOSN,DPOSS,0.04
DDART,KOKOM,0.039603960396039604
VKFIN.konj,VVFIN.konj,0.03914590747330961
PI,PTKN,0.038834951456310676
PAVREL,VMFIN.ind,0.038461538461538464
VAINF,VKPP,0.03773584905660377
VKFIN.*,VMFIN.konj,0.03773584905660377
DDS,KOKOM,0.037383177570093455
KOUS,PTKVZ,0.03669724770642202
KOUS,OA,0.036468330134357005
DDA,PKOR,0.03614457831325301
KON,OA,0.03592814371257485
DDART,PI,0.035856573705179286
DPOSN,VKFIN.ind,0.03571428571428571
KOKOM,PTKREL,0.03571428571428571
DNEGA,PTKNEG,0.03571428571428571
ADJV,PTKVZ,0.03571428571428571
CARDS,DIART,0.03571428571428571
ADJA,AVD,0.03563056727613689
AVREL,DDS,0.035398230088495575
VVFIN.ind,VVINF,0.03531688437348815
AVW,KOUS,0.035211267605633804
AVW,DRELS,0.03508771929824561
DPOSD,VAFIN.*,0.03508771929824561
DDA,DRELS,0.03508771929824561
APPR,PPER,0.03498542274052478
VAFIN.konj,VKINF,0.034482758620689655
VAINF,VKFIN.konj,0.034482758620689655
APPR,KOKOM,0.03435114503816794
ADJA,ADJD,0.03433703116745906
KON,PAVAP,0.034334763948497854
ADJA,ADJV,0.03391883706844337
DPOSS,VKFIN.*,0.03389830508474576
PTKVZ,PTKZU,0.033707865168539325
DIA,PTKN,0.03365384615384615
NA,VVFIN.*,0.033608014218775246
DRELA,KOUS,0.03355704697986577
VAFIN.ind,VVFIN.ind,0.03345724907063197
DRELS,PAVREL,0.03333333333333333
VAFIN.ind,VKFIN.konj,0.03333333333333333
AVREL,KOKOM,0.03333333333333333
DIS,DRELA,0.03333333333333333
AVD,PTKA,0.03329065300896287
AVREL,PAVAP,0.033112582781456956
VAFIN.*,VKPP,0.03278688524590164
PPER,VKFIN.konj,0.03278688524590164
APPR,PTKA,0.032490974729241874
DID,PTKN,0.03225806451612903
DPOSD,VKFIN.ind,0.03225806451612903
PTKN,PTKREL,0.03225806451612903
PTKA,PTKVZ,0.032
KON,PAVREL,0.032
PI,PTKA,0.0319634703196347
KON,PG,0.03184713375796178
DDART,KON,0.031578947368421054
DRELA,PI,0.031413612565445025
DIART,DPOSD,0.03125
DDN,PTKN,0.03125
PAVD,VMFIN.ind,0.03125
PPER,VAFIN.*,0.031055900621118012
DDS,PI,0.031007751937984496
PAVAP,PPER,0.030837004405286344
DGA,PTKN,0.03076923076923077
KON,PI,0.030716723549488054
DDART,DPOSS,0.030612244897959183
DDS,KON,0.030612244897959183
AVD,PI,0.030467899891186073
DIN,DRELA,0.030303030303030304
DPOSS,VMINF,0.030303030303030304
PTKNEG,PTKVZ,0.030303030303030304
DRELS,KON,0.030120481927710843
DIN,KON,0.02962962962962963
AVREL,PTKREL,0.029411764705882353
VKFIN.*,VVFIN.konj,0.029411764705882353
AVW,KOKOM,0.029411764705882353
DDS,PAVD,0.029411764705882353
KO*,PTKN,0.029411764705882353
APPR,OA,0.0288
VKFIN.ind,VKPP,0.02857142857142857
KO*,KOUS,0.02857142857142857
VAFIN.*,VMFIN.konj,0.02857142857142857
KOUS,PTKG,0.028169014084507043
VAFIN.*,VVFIN.konj,0.02786377708978328
DGA,DGN,0.027777777777777776
DGA,DID,0.027777777777777776
VKFIN.ind,VKINF,0.027777777777777776
CARDA,DIART,0.027624309392265192
ADJD,VVPP,0.027590435315757205
OA,PAVAP,0.027559055118110236
OA,PTKVZ,0.02748414376321353
CARDS,PTKNEG,0.0273972602739726
AVD,KOKOM,0.027237354085603113
DIA,PTKA,0.027149321266968326
DIA,KON,0.02711864406779661
PRF,PTKNEG,0.02702702702702703
AVNEG,DIS,0.02702702702702703
DIART,PTKVZ,0.02702702702702703
AVD,OA,0.026455026455026454
DIS,PRF,0.02631578947368421
DDS,PPER,0.02631578947368421
AVREL,VMFIN.ind,0.02631578947368421
PTKN,PTKVZ,0.02631578947368421
DPOSS,VAFIN.*,0.02631578947368421
PPER,VAINF,0.025974025974025976
DGA,PTKA,0.025974025974025976
DIA,DRELA,0.025906735751295335
DDART,OA,0.025806451612903226
AVD,PTKN,0.025806451612903226
PI,PTKNEG,0.02577319587628866
ADJD,AVD,0.02570281124497992
AVREL,PTKG,0.02564102564102564
DDA,DRELA,0.02564102564102564
ADJN,ADJV,0.02557544757033248
ADJA,NA,0.02548930359581247
VKFIN.*,VMFIN.ind,0.02531645569620253
DDART,KO*,0.02531645569620253
KO*,KON,0.025
AVG,KON,0.025
AVNEG,DIN,0.025
PAVAP,PTKA,0.024844720496894408
ADJV,VVFIN.konj,0.024667931688804556
OA,PI,0.02460456942003515
VKFIN.*,VMFIN.*,0.02459016393442623
ADJS,ADJV,0.024539877300613498
KOUS,VVFIN.konj,0.024509803921568627
DPOSA,VKFIN.*,0.024390243902439025
KOUS,PPER,0.024390243902439025
DRELA,KOKOM,0.024390243902439025
AVD,DDART,0.024360535931790498
NA,VVFIN.ind,0.0241773002014775
ADJN,PTKN,0.024096385542168676
ADJV,PAVAP,0.024
PAVAP,PTKZU,0.024
OA,PPER,0.024
KOKOM,VVIMP,0.023809523809523808
VKFIN.*,VVFIN.*,0.02376599634369287
PTKVZ,VMFIN.ind,0.023622047244094488
DDART,PAVREL,0.023529411764705882
VMFIN.*,VVFIN.ind,0.0234192037470726
DDD,PG,0.023255813953488372
DPOSS,VAFIN.konj,0.023255813953488372
DPOSS,PKOR,0.023255813953488372
DGN,PG,0.023255813953488372
PG,PTKREL,0.023255813953488372
PAVAP,PAVREL,0.023255813953488372
PTKA,PTKREL,0.023255813953488372
PPER,VAFIN.konj,0.023255813953488372
DID,PTKA,0.023255813953488372
AVD,AVREL,0.023076923076923078
ADJV,KOUS,0.022900763358778626
VAINF,VMFIN.*,0.022900763358778626
DNEGA,PTKANT,0.022727272727272728
DIS,KOKOM,0.022727272727272728
DDN,PTKA,0.022727272727272728
DPOSA,VAINF,0.022727272727272728
DWS,PG,0.022727272727272728
DDSA,PG,0.022727272727272728
ADJA,VVFIN.*,0.022653721682847898
VKFIN.ind,VVFIN.ind,0.022641509433962263
DRELS,OA,0.02262443438914027
DIS,KON,0.022556390977443608
VAFIN.ind,VMFIN.*,0.022556390977443608
VAFIN.*,VVFIN.*,0.022482014388489208
VAFIN.ind,VMFIN.ind,0.022222222222222223
PAVG,VMFIN.ind,0.022222222222222223
PTKN,VVIMP,0.022222222222222223
KOUS,PI,0.022151898734177215
PPER,VKFIN.ind,0.022058823529411766
DDART,PTKNEG,0.02197802197802198
ADJN,VVPP,0.02197802197802198
CARDA,OA,0.02197802197802198
ADJA,VVPP,0.0219435736677116
VAFIN,VAINF,0.021739130434782608
VAFIN.konj,VKFIN.ind,0.021739130434782608
KO*,PTKA,0.021739130434782608
DDART,DIS,0.021739130434782608
VKFIN.*,VMINF,0.021739130434782608
KO*,PG,0.021739130434782608
DIA,DRELS,0.021645021645021644
ADJN,ADJS,0.021621621621621623
DRELS,PTKA,0.021505376344086023
DIART,PKOR,0.02127659574468085
AVG,VMFIN.ind,0.02127659574468085
AVG,KOUS,0.02127659574468085
DPOSN,VAINF,0.02127659574468085
DDS,OA,0.021141649048625793
PG,VAFIN.*,0.021052631578947368
KOUS,VAFIN.*,0.021052631578947368
VMFIN.ind,VVFIN.ind,0.020910209102091022
PG,PTKG,0.020833333333333332
AVNEG,KOKOM,0.020833333333333332
VAFIN.*,VMFIN.ind,0.020833333333333332
VAFIN,VAFIN.ind,0.020833333333333332
ADJA,VVINF,0.020787746170678335
VMFIN.konj,VVFIN.konj,0.020689655172413793
OA,VMFIN.ind,0.020689655172413793
DDART,PRF,0.020618556701030927
DPOSA,VKINF,0.020618556701030927
DDART,PAVAP,0.020512820512820513
APPR,PTKZU,0.020491803278688523
ADJD,VVFIN.*,0.020460358056265986
ADJD,VVFIN.ind,0.0204241948153967
PAVAP,VVFIN.konj,0.02040816326530612
DIART,PAVAP,0.02040816326530612
AVW,PG,0.02040816326530612
ADJD,ADJS,0.0203527815468114
AVW,VMFIN.ind,0.02
PAVAP,PTKN,0.02
DPOSS,VKFIN.ind,0.02
KOUS,VKFIN.konj,0.019867549668874173
VMFIN.*,VVIMP,0.019801980198019802
DIS,PTKVZ,0.019801980198019802
PPER,PTKA,0.019736842105263157
CARDN,DNEGA,0.0196078431372549
AVNEG,PTKN,0.0196078431372549
DGA,PTKNEG,0.0196078431372549
PTKVZ,VVFIN.konj,0.0196078431372549
OA,VVFIN.konj,0.019548872180451128
AVD,PAVD,0.019455252918287938
VAFIN.*,VVFIN.ind,0.019417475728155338
APPR,PAVD,0.019230769230769232
DPDS,DRELS,0.019230769230769232
DDD,DRELS,0.019230769230769232
PNEG,PTKANT,0.019230769230769232
PPER,VAFIN.ind,0.01910828025477707
DGS,DRELS,0.018867924528301886
DDSA,DRELS,0.018867924528301886
AVREL,VAFIN.konj,0.018867924528301886
PAVD,PTKVZ,0.018867924528301886
OA,VMFIN.*,0.018789144050104383
DDART,PTKVZ,0.01875
AVD,DRELS,0.018726591760299626
ADJD,PTKVZ,0.01870748299319728
ADJA,ADJN,0.01864951768488746
APPR,PTKN,0.01858736059479554
VAFIN,VAFIN.*,0.018518518518518517
PTKREL,VAFIN.*,0.018518518518518517
OA,PTKA,0.01839080459770115
APPR,AVREL,0.01838235294117647
DDS,DIART,0.01834862385321101
DPOSA,PRF,0.01834862385321101
PPER,VVFIN.konj,0.018276762402088774
ADJS,AVD,0.018274111675126905
AVD,DIA,0.018259935553168637
DRELS,KO*,0.01818181818181818
PNEG,PTKG,0.01818181818181818
VAINF,VMINF,0.01818181818181818
DPOSN,VAFIN.*,0.01818181818181818
AVG,DRELS,0.01818181818181818
CARDA,PI,0.01791044776119403
CARDS,PPER,0.017857142857142856
VAFIN.ind,VKPP,0.017857142857142856
VAFIN.*,VAPP,0.017857142857142856
DRELA,PTKA,0.017857142857142856
PTKA,VVIMP,0.017543859649122806
AVREL,DPOSS,0.017543859649122806
PG,VVIMP,0.017543859649122806
CARDA,DIS,0.01744186046511628
DPOSD,PPER,0.017391304347826087
DIART,DPOSA,0.017391304347826087
ADJV,PTKN,0.017361111111111112
DGA,KOUS,0.017341040462427744
CARDA,DDART,0.017316017316017316
KOUS,VKFIN.*,0.017241379310344827
PPER,PTKG,0.017241379310344827
CARDN,PNEG,0.01694915254237288
PTKG,VAFIN.*,0.01694915254237288
DDS,VKFIN.*,0.01694915254237288
DIS,PG,0.01694915254237288
DDART,PTKA,0.01694915254237288
AVREL,PTKVZ,0.01694915254237288
AVD,DDS,0.01680672268907563
KON,PAVG,0.01680672268907563
CARDS,PI,0.01680672268907563
ADJD,VVFIN.konj,0.016709511568123392
ADJA<VVPP,ADJN,0.016597510373443983
AVREL,DIART,0.01639344262295082
KON,PTKG,0.016260162601626018
DDA,DIA,0.016260162601626018
AVD,PPER,0.016241299303944315
KOUS,VAFIN.ind,0.016216216216216217
DIN,PG,0.016129032258064516
DDS,PTKA,0.016129032258064516
PKOR,PTKA,0.016129032258064516
VAFIN.ind,VVIMP,0.016129032258064516
ADJV,APPR,0.01609657947686117
VKFIN.*,VVFIN.ind,0.016049382716049384
DDS,VMFIN.ind,0.016
VAINF,VMFIN.konj,0.015873015873015872
VAFIN.*,VMINF,0.015873015873015872
AVNEG,PTKA,0.015873015873015872
DGA,DIART,0.015873015873015872
DIS,PPER,0.015748031496062992
PPER,VMFIN.konj,0.015625
FM,XY,0.015625
CARDS,PTKG,0.015625
PAVD,PG,0.015625
AVREL,PTKN,0.015625
AVD,PKOR,0.015544041450777202
DPOSA,PTKA,0.015384615384615385
PTKVZ,VAINF,0.015384615384615385
APPO,PTKA,0.015384615384615385
NA,NE,0.015280135823429542
DRELA,KON,0.015267175572519083
PPER,VMFIN.*,0.015228426395939087
PAVD,PPER,0.015151515151515152
DPOSS,PTKA,0.015151515151515152
DRELS,VVIMP,0.015151515151515152
OA,VVFIN.*,0.015058179329226557
ADJS,PTKN,0.015037593984962405
APPO,PPER,0.015037593984962405
CARDA,PPER,0.015037593984962405
KOUS,VVFIN.*,0.014937759336099586
CARDS,DDART,0.014925373134328358
NA,VVFIN.konj,0.014882032667876587
DDA,KOUS,0.014778325123152709
VAFIN.*,VVIMP,0.014705882352941176
PAVAP,PTKNEG,0.014705882352941176
KON,PKOR,0.014598540145985401
ADJA<VVPS,VVPS,0.014563106796116505
AVD,NA,0.014521782674011016
OA,PKOR,0.014492753623188406
DDA,KO*,0.014492753623188406
PG,VKFIN.ind,0.014492753623188406
OA,PAVD,0.014423076923076924
ADJD,PAVAP,0.01437699680511182
DIA,DIART,0.014354066985645933
APPR,PI,0.014285714285714285
KOUS,PAVG,0.014285714285714285
VKFIN.ind,VMFIN.ind,0.014285714285714285
DIART,PTKA,0.014285714285714285
AVD,VVFIN.*,0.014277869302580999
ADJV,APPO,0.014234875444839857
DPOSA,VAFIN.*,0.014184397163120567
ADJD,NA,0.014096762965541246
VVFIN.konj,VVPP,0.014074595355383532
AVREL,OA,0.014018691588785047
CARDS,PTKVZ,0.013986013986013986
DPOSS,PAVAP,0.013888888888888888
CARDS,VKFIN.konj,0.013888888888888888
VAINF,VKFIN.ind,0.013888888888888888
PTKVZ,VVFIN.*,0.013876843018213356
VMFIN.*,VVFIN.*,0.013852813852813853
OA,PG,0.013729977116704805
DIA,PPER,0.0136986301369863
PG,PTKN,0.0136986301369863
VVFIN.konj,VVINF,0.013664596273291925
NE,VVINF,0.013550135501355014
VAFIN.ind,VVFIN.*,0.013440860215053764
ADJD,APPR,0.013404825737265416
DIA,PG,0.013392857142857142
NE,VVFIN.ind,0.013346515076618883
DPOSS,DRELS,0.013333333333333334
ADJA<VVPP,VAINF,0.013333333333333334
DPOSA,KOUS,0.01327433628318584
DDA,VMFIN.*,0.013157894736842105
KON,PPER,0.013157894736842105
NA,VVPP,0.01313937118723604
PG,PPER,0.013071895424836602
KOUS,VVIMP,0.013071895424836602
PI,PNEG,0.013043478260869565
DDART,DDD,0.012987012987012988
APPR,VVFIN.*,0.012987012987012988
PPER,VMFIN.ind,0.012987012987012988
DDART,DPDS,0.012987012987012988
ADJD,PPER,0.012965964343598054
NE,VVFIN.*,0.01294777729823047
DIS,KOUS,0.012903225806451613
APPO,AVD,0.01287001287001287
DDART,DDSA,0.01282051282051282
ADJA<VVPP,VVPP,0.012769353551476457
ADJA,VVFIN.ind,0.01270994098955969
DIN,KOUS,0.012658227848101266
KOUS,VAFIN.konj,0.012658227848101266
DIART,DRELS,0.012658227848101266
PG,VKFIN.*,0.012658227848101266
APPR,DDART,0.012658227848101266
AVD,VVFIN.konj,0.012633624878522837
VMFIN.ind,VVFIN.konj,0.012578616352201259
AVNEG,KOUS,0.012578616352201259
CARDS,PRF,0.0125
AVD,VVINF,0.0124282982791587
APPO,KOUS,0.012422360248447204
VAFIN.ind,VVFIN.konj,0.012422360248447204
KON,VMFIN.ind,0.012422360248447204
DPOSS,KOUS,0.012345679012345678
DRELS,PPER,0.012345679012345678
KOKOM,VAFIN.*,0.012345679012345678
AVREL,VAFIN.ind,0.012345679012345678
ADJN,AVD,0.01233183856502242
PAVAP,VMFIN.ind,0.012195121951219513
DDA,PI,0.012195121951219513
DDART,PTKZU,0.012195121951219513
APPR,DPOSA,0.012195121951219513
ADJN,VVPS,0.0121580547112462
DDS,DPDS,0.012048192771084338
DIART,KOUS,0.012048192771084338
DDD,DDS,0.012048192771084338
DDS,DDSA,0.011904761904761904
PTKN,VAFIN.*,0.011904761904761904
APPR,VVFIN.ind,0.011799410029498525
PG,PTKA,0.011764705882352941
KON,VAFIN.*,0.011695906432748537
APPR,DIS,0.011673151750972763
ADJN,PAVAP,0.011627906976744186
CARDA,PTKNEG,0.011627906976744186
DDS,KO*,0.011627906976744186
PTKVZ,VMFIN.*,0.011627906976744186
DPOSA,PTKVZ,0.011560693641618497
AVREL,VAFIN.*,0.011494252873563218
DDA,PAVD,0.011494252873563218
PTKREL,VMFIN.*,0.011363636363636364
CARDA,PKOR,0.011363636363636364
VAFIN,VMFIN.*,0.011363636363636364
PI,PTKVZ,0.011278195488721804
DPOSA,DPOSGEN,0.011235955056179775
VAINF,VMFIN.ind,0.011235955056179775
ADJA,DIA,0.0111731843575419
OA,VAFIN.*,0.011135857461024499
DPOSA,DPOSN,0.011111111111111112
PG,VAFIN.ind,0.011111111111111112
ADJN,PTKA,0.011111111111111112
ADJD,OA,0.01107419712070875
VMFIN.*,VVFIN.konj,0.011049723756906077
PPER,VVFIN.*,0.010998307952622674
KOUS,VMFIN.ind,0.01098901098901099
DGS,PI,0.01092896174863388
DDA,KON,0.01092896174863388
DDN,PI,0.01092896174863388
DPOSD,VMFIN.*,0.010869565217391304
DDS,PAVREL,0.010869565217391304
ADJD,KOUS,0.010835913312693499
ADJD,VAFIN.ind,0.010810810810810811
ADJS,VVINF,0.010786802030456852
DDA,DIART,0.010752688172043012
VAFIN.ind,VAINF,0.010752688172043012
PTKG,VMFIN.*,0.010752688172043012
ADJD,VAFIN.*,0.0106951871657754
FM,OA,0.010687022900763359
DRELS,VMFIN.ind,0.010526315789473684
PTKVZ,VMINF,0.010526315789473684
FM,PAVAP,0.010526315789473684
VVINF,VVPS,0.010443864229765013
NA,OA,0.010433244916003536
ADJA,ADJA<VVPP,0.010423452768729642
PTKA,VAFIN.*,0.010416666666666666
AVD,DIN,0.010309278350515464
VKPS,VVPS,0.010309278350515464
VKINF,VMFIN.*,0.010309278350515464
DDS,PTKNEG,0.01020408163265306
DPOSA,VMINF,0.01020408163265306
ADJS,CARDA,0.010178117048346057
CARDA,KOUS,0.010169491525423728
ADJS,CARDS,0.010169491525423728
DDS,DIS,0.010101010101010102
DRELS,VAFIN.ind,0.010101010101010102
AVREL,DDA,0.010101010101010102
VKFIN.ind,VVFIN.konj,0.009933774834437087
ADJV,PTKA,0.009933774834437087
PAVAP,PI,0.009933774834437087
ADJA,PI,0.009925558312655087
AVD,CARDA,0.009857612267250822
PI,PRF,0.009852216748768473
ADJN,VVFIN.ind,0.009825327510917031
VMFIN.*,VVINF,0.00980392156862745
DDS,DIN,0.00980392156862745
AVD,VVFIN.ind,0.009771986970684038
DRELA,OA,0.00975609756097561
KON,VMFIN.*,0.00975609756097561
PTKVZ,VMFIN.konj,0.009708737864077669
APPR,VVFIN.konj,0.009689922480620155
DIS,OA,0.009685230024213076
OA,VMFIN.konj,0.00966183574879227
CARDA,DRELS,0.009615384615384616
DDS,PRF,0.009615384615384616
ADJS,PI,0.009569377990430622
DPOSA,PAVAP,0.009569377990430622
KOKOM,PI,0.009569377990430622
DIS,DPOSA,0.009523809523809525
DIA,KOKOM,0.009523809523809525
ADJS,NA,0.009452826758771132
PG,VVFIN.konj,0.009433962264150943
DDS,DPOSS,0.009433962264150943
DIART,OA,0.009433962264150943
OA,PTKN,0.00936768149882904
PRF,PTKVZ,0.009345794392523364
DDART,PTKN,0.009345794392523364
VAFIN.konj,VMFIN.*,0.009345794392523364
VAINF,VVFIN.konj,0.009345794392523364
DIA,KOUS,0.009345794392523364
ADJA<VVPP,VVFIN.*,0.00933786078098472
ADJA,NE,0.009314456035767511
DIN,DPOSA,0.009259259259259259
CARDS,PNEG,0.009259259259259259
ADJA<VVPP,ADJN<VVPP,0.009259259259259259
PTKVZ,VVFIN.ind,0.009259259259259259
DDA,PTKA,0.009259259259259259
DPOSA,VAFIN.konj,0.009259259259259259
DDA,PG,0.009259259259259259
OA,VKFIN.*,0.009237875288683603
OA,VVINF,0.009205983889528193
VKFIN.konj,VVFIN.*,0.00919963201471941
DPOSS,PTKVZ,0.009174311926605505
DDS,VKFIN.ind,0.009174311926605505
NA,VVPS,0.009160864785635764
ADJS,VVFIN.*,0.00916030534351145
VAFIN.konj,VVFIN.*,0.009149130832570906
ADJV,OA,0.009146341463414634
AVD,PAVREL,0.009126466753585397
NE,OA,0.009096422073984234
VKFIN.ind,VVFIN.*,0.00909090909090909
FM,PI,0.009070294784580499
AVD,DIS,0.00904392764857881
DPOSS,VMFIN.*,0.009009009009009009
ADJV,VVFIN.*,0.00900225056264066
VMFIN.ind,VVFIN.*,0.008952551477170993
DDART,FM,0.008928571428571428
ADJA,KOUS,0.008911521323997454
ADJN,VMFIN.*,0.008888888888888889
KOUS,VMFIN.*,0.008849557522123894
DDS,PTKN,0.008849557522123894
DPOSN,PPER,0.008849557522123894
ADJV,VVPS,0.008849557522123894
DDART,VKFIN.*,0.008849557522123894
ADJA<VVPP,ADJS,0.008771929824561403
VKFIN.ind,VMFIN.*,0.008771929824561403
KOUS,VVFIN.ind,0.008714596949891068
ADJA<VVPP,VMINF,0.008695652173913044
DPOSA,VKFIN.ind,0.008695652173913044
KOKOM,VMFIN.*,0.008695652173913044
ADJV,VVFIN.ind,0.008662175168431183
ADJD,VVINF,0.00864397622906537
DIA,OA,0.008635578583765112
ADJD,VVPS,0.008559201141226819
ADJD,DDART,0.008547008547008548
DDART,VVFIN.konj,0.008522727272727272
AVW,PPER,0.00847457627118644
PTKN,VMFIN.*,0.00847457627118644
AVD,NE,0.008453505718547987
KON,PTKREL,0.008403361344537815
DID,KON,0.008403361344537815
PTKVZ,VVINF,0.008403361344537815
PAVAP,VVFIN.*,0.008368200836820083
CARDA,DDS,0.008368200836820083
ADJA<VVPP,VVIMP,0.008333333333333333
ADJA<VVPP,ADJA<VVPS,0.008333333333333333
DDART,VMFIN.ind,0.008333333333333333
PPER,VKINF,0.008264462809917356
ADJA<VVPP,PTKNEG,0.008264462809917356
AVREL,VMFIN.*,0.008264462809917356
CARDA,PTKVZ,0.008264462809917356
APPR,VVINF,0.008207070707070708
ADJA<VVPP,DIS,0.00819672131147541
ADJA,OA,0.00819672131147541
ADJA,PTKN,0.00819672131147541
AVREL,DPOSA,0.00819672131147541
PTKVZ,VKFIN.*,0.00819672131147541
ADJA,VVFIN.konj,0.008191925102399064
PAVAP,PAVG,0.008130081300813009
FM,PPER,0.008086253369272238
ADJV,PPER,0.008086253369272238
DDS,DNEGA,0.008064516129032258
KON,PTKZU,0.008064516129032258
AVG,PAVAP,0.008
DPOSD,PAVAP,0.007936507936507936
PPER,VVIMP,0.007936507936507936
ADJV,KON,0.007936507936507936
ADJN,APPR,0.0079155672823219
ADJS,OA,0.007886435331230283
DNEGA,PTKVZ,0.007874015748031496
ADJA<VVPP,PRF,0.007874015748031496
AVW,PAVAP,0.0078125
ADJS,APPO,0.007692307692307693
PG,VMFIN.*,0.007692307692307693
PTKA,VMFIN.*,0.007692307692307693
DDS,VAFIN.ind,0.007692307692307693
APPR,DIN,0.007662835249042145
OA,VVFIN.ind,0.0076465590484282074
KON,VVFIN.konj,0.007614213197969543
DDS,DIA,0.007547169811320755
KON,VVFIN.*,0.0075440067057837385
KON,VVIMP,0.007518796992481203
VMFIN.konj,VVFIN.ind,0.007518796992481203
ADJD,APPO,0.007518796992481203
ADJA<VVPP,DIART,0.007518796992481203
ADJV,VVINF,0.007481296758104738
KON,PTKNEG,0.007462686567164179
APPR,VKFIN.ind,0.007462686567164179
NE,VMFIN.*,0.007451564828614009
ADJD,DIART,0.0074487895716946
APPR,DIART,0.007434944237918215
KOUS,VVINF,0.007417397167902899
DPOSA,PI,0.007407407407407408
ADJV,NA,0.007407407407407408
OA,VMINF,0.007371007371007371
OA,PAVREL,0.007371007371007371
DDS,VAFIN.*,0.007352941176470588
PAVAP,VVIMP,0.007352941176470588
ADJD,VKFIN.*,0.007326007326007326
OA,VKFIN.konj,0.0072992700729927005
CARDA,KON,0.007272727272727273
OA,PTKNEG,0.007263922518159807
FM,NE,0.007260726072607261
ADJV,NE,0.007260726072607261
KON,VAFIN.konj,0.007246376811594203
DIS,PAVAP,0.007246376811594203
ADJD,PTKA,0.007246376811594203
ADJN,VVFIN.konj,0.007246376811594203
ADJD,PI,0.00723589001447178
AVNEG,KON,0.007194244604316547
ADJS,DIA,0.007142857142857143
DID,KOUS,0.007142857142857143
KOUS,PTKREL,0.007142857142857143
ADJN,DDN,0.007142857142857143
DDD,KOUS,0.007142857142857143
KON,PRF,0.007142857142857143
ADJS,VMFIN.ind,0.0071174377224199285
AVD,VMFIN.*,0.0070921985815602835
DDSA,KOUS,0.0070921985815602835
CARDS,DDS,0.0070921985815602835
APPO,KON,0.0070921985815602835
AVD,DPOSA,0.0070838252656434475
ADJA,KON,0.0070830650354153256
KOKOM,OA,0.007058823529411765
VMINF,VVFIN.konj,0.006993006993006993
PAVAP,PRF,0.006993006993006993
DPOSD,KOUS,0.006944444444444444
ADJV,DIART,0.006944444444444444
AVREL,PPER,0.006896551724137931
KOUS,PTKZU,0.006896551724137931
DIART,KON,0.00684931506849315
DNEGA,OA,0.00683371298405467
PAVAP,VVINF,0.0068212824010914054
DGA,PPER,0.006802721088435374
APPR,VAFIN.*,0.006779661016949152
KOUS,VKPP,0.006756756756756757
PPER,VVFIN.ind,0.006726457399103139
KOKOM,PAVAP,0.006711409395973154
KOUS,VKINF,0.006711409395973154
DPOSS,VVFIN.konj,0.006666666666666667
PAVAP,VVFIN.ind,0.0066518847006651885
CARDS,OA,0.006578947368421052
ADJA,PTKVZ,0.006574621959237344
NE,PAVAP,0.006535947712418301
AVD,PTKG,0.006535947712418301
DNEGA,PPER,0.006535947712418301
ADJN,VVIMP,0.006535947712418301
APPR,NA,0.006520557869951096
VKFIN.*,VVINF,0.006512301013024602
DGA,KON,0.006493506493506494
CARDA,VVFIN.*,0.006488240064882401
KOUS,PTKNEG,0.0064516129032258064
AVREL,VVFIN.konj,0.0064516129032258064
VKINF,VVFIN.*,0.006445672191528545
APPR,VVPP,0.006442376521116679
OA,VVPP,0.00643915003219575
DRELS,FM,0.00641025641025641
VVFIN.konj,VVPS,0.006396588486140725
ADJD,KON,0.006369426751592357
ADJV,VAFIN.*,0.006369426751592357
PAVAP,VVPS,0.006369426751592357
AVD,DIART,0.0063532401524777635
VVFIN.ind,VVIMP,0.00628140703517588
ADJA,CARDA,0.006277463904582548
PTKA,VVFIN.konj,0.006269592476489028
ADJV,CARDS,0.006269592476489028
AVD,VVPP,0.006266318537859008
VAINF,VVFIN.*,0.006238859180035651
AVD,PG,0.006234413965087282
AVD,VMFIN.ind,0.0062266500622665
ADJN,APPO,0.006211180124223602
APPR,DDS,0.006172839506172839
NE,VMFIN.ind,0.006153846153846154
ADJS,VMFIN.*,0.006153846153846154
AVD,VAFIN.*,0.006150061500615006
CARDA,PTKG,0.006134969325153374
AVD,CARDS,0.006112469437652812
ADJA<VVPP,CARDS,0.006097560975609756
ADJN,VVINF,0.006064690026954178
DDART,DPOSA,0.006060606060606061
AVD,DDA,0.006060606060606061
DDS,VVFIN.*,0.0060396893874029335
KOUS,VKFIN.ind,0.006024096385542169
KON,VAFIN.ind,0.006024096385542169
APPR,NE,0.006008010680907877
APPR,FM,0.00597609561752988
ADJA,APPR,0.0059594755661501785
DDS,PTKVZ,0.005952380952380952
ADJV,DDART,0.005934718100890208
ADJA,VMFIN.*,0.005905511811023622
VKINF,VVINF,0.0058997050147492625
ADJS,VVFIN.ind,0.005888125613346418
DDS,VMFIN.*,0.0058823529411764705
NE,VVFIN.konj,0.005870841487279843
CARDA,VKFIN.konj,0.005847953216374269
ADJA<VVPP,DDA,0.005847953216374269
ADJN,AVREL,0.005813953488372093
ADJN,VVFIN.*,0.005761316872427984
VAINF,VVINF,0.005747126436781609
ADJS,VVPP,0.005738880918220947
ADJS,PPER,0.0057306590257879654
VAFIN.*,VVINF,0.005714285714285714
DPOSA,VMFIN.*,0.005681818181818182
CARDS,KON,0.005649717514124294
DDA,PPER,0.005649717514124294
ADJA<VVPP,VVFIN.ind,0.005636978579481398
ADJD,VKFIN.ind,0.00558659217877095
DDS,VVFIN.konj,0.005571030640668524
CARDS,PAVAP,0.005555555555555556
ADJD,PTKN,0.005545286506469501
KOUS,NA,0.0055309734513274336
CARDA,DPOSS,0.0055248618784530384
ADJA,VVPS,0.005521472392638037
VMINF,VVFIN.*,0.005519779208831647
ADJA<VVPP,VVINF,0.005509641873278237
ADJA<VVPP,DDART,0.005494505494505495
PPER,VVINF,0.0054869684499314125
VMFIN.konj,VVFIN.*,0.005479452054794521
DPOSA,VVFIN.konj,0.005479452054794521
DID,PI,0.00546448087431694
DGN,PI,0.00546448087431694
KON,VVINF,0.005460750853242321
DWS,PI,0.005434782608695652
DIA,DID,0.005434782608695652
KOUS,VAINF,0.005405405405405406
DDN,DIA,0.005405405405405406
DGS,DIA,0.005405405405405406
CARDA,KOKOM,0.005405405405405406
ADJS,NE,0.005351170568561873
ADJA<VVPP,DDS,0.005319148936170213
ADJS,KOUS,0.005305039787798408
AVW,PI,0.005291005291005291
KOUS,PNEG,0.005291005291005291
CARDS,VVFIN.*,0.00528169014084507
FM,KON,0.005277044854881266
AVD,AVG,0.005235602094240838
ADJA<VVPP,PTKVZ,0.005235602094240838
AVD,KO*,0.005235602094240838
AVD,AVW,0.005215123859191656
CARDN,PI,0.005208333333333333
DDART,VVFIN.*,0.005199306759098787
ADJA<VVPP,VMFIN.*,0.0051813471502590676
CARDA,DGA,0.0051813471502590676
AVD,DRELA,0.00516795865633075
DPOSA,VVFIN.*,0.005145797598627788
AVD,AVNEG,0.005121638924455826
PI,VKFIN.konj,0.00510204081632653
VMINF,VVFIN.ind,0.005050505050505051
CARDS,KOUS,0.005050505050505051
CARDA,DNEGA,0.005025125628140704
NA,VMFIN.*,0.005023255813953489
KOUS,NE,0.005010737294201861
FM,KOUS,0.005
DDN,OA,0.005
VAFIN.konj,VVFIN.ind,0.004987531172069825
KO*,OA,0.004975124378109453
AVD,VAFIN.ind,0.0049504950495049506
PI,VAFIN.konj,0.0049504950495049506
OA,PTKG,0.0049504950495049506
OA,PTKZU,0.0049504950495049506
AVW,OA,0.0049382716049382715
ADJV,VVPP,0.004936530324400564
AVNEG,PI,0.0049261083743842365
DDART,VVINF,0.0049157303370786515
DDS,PAVAP,0.004901960784313725
AVNEG,DIA,0.004901960784313725
AVD,FM,0.004897159647404506
ADJA<VVPP,ADJD,0.00487012987012987
OA,VVIMP,0.004842615012106538
CARDA,PNEG,0.004830917874396135
DIA,DPOSS,0.004830917874396135
KON,NA,0.004808581468466802
VVIMP,VVPS,0.004807692307692308
OA,VAFIN.konj,0.004784688995215311
DIN,OA,0.004784688995215311
ADJV,CARDA,0.004784688995215311
APPO,OA,0.004750593824228029
DPOSS,OA,0.004739336492890996
ADJA,PTKA,0.004726536124240378
VVFIN.*,VVPS,0.004720692368214005
APPR,DIA,0.004705882352941176
NE,VMFIN.konj,0.004702194357366771
ADJA,CARDS,0.004676018704074816
ADJS,VVPS,0.004640371229698376
AVREL,PI,0.004629629629629629
NA,PPER,0.00462877244954638
ADJA<VVPP,PPER,0.004608294930875576
CARDA,VVFIN.konj,0.004608294930875576
PI,VKFIN.*,0.0045662100456621
NE,VVPP,0.004552980132450331
DPOSS,VVFIN.*,0.004537205081669692
OA,VAFIN.ind,0.004484304932735426
ADJA<VVPP,KON,0.004464285714285714
DIA,DNEGA,0.0044444444444444444
ADJN,NA,0.004420703628660895
VMINF,VVINF,0.004418262150220913
ADJA<VVPP,PAVAP,0.004405286343612335
AVREL,VVPS,0.004405286343612335
KOKOM,VVINF,0.00436046511627907
KON,NE,0.004357298474945534
DDA,OA,0.004310344827586207
VKPP,VVPP,0.004284490145672665
PI,VAFIN.*,0.00423728813559322
VKFIN.*,VVPP,0.0041841004184100415
ADJS,DDN,0.004166666666666667
CARDS,DIA,0.004132231404958678
ADJA,DIS,0.004120879120879121
PNEG,VVPS,0.00411522633744856
VVFIN.ind,VVPS,0.004098360655737705
NA,PTKVZ,0.004090740052063964
APPR,KO*,0.0040650406504065045
NA,PAVAP,0.004063538973032878
ADJA,VAINF,0.00404040404040404
ADJS,VMINF,0.004032258064516129
PTKVZ,VVPP,0.0040192926045016075
APPR,AVW,0.004016064257028112
ADJS,FM,0.004008016032064128
ADJN,PPER,0.004
ADJA<VVPP,OA,0.003968253968253968
APPR,PAVREL,0.003968253968253968
PI,VVFIN.*,0.003965107057890563
ADJD,NE,0.0039548022598870055
ADJA<VVPS,ADJS,0.003952569169960474
ADJS,DIS,0.00392156862745098
KON,VVPP,0.003915426781519186
AVD,PTKZU,0.003911342894393742
PAVAP,VVPP,0.00390625
ADJS,VMFIN.konj,0.00390625
APPR,VVIMP,0.0038910505836575876
ADJN,KON,0.0038910505836575876
ADJS,DIN,0.003875968992248062
APPR,PTKNEG,0.003875968992248062
ADJA,PPER,0.0038684719535783366
ADJS,AVNEG,0.003861003861003861
DDART,DIA,0.0038461538461538464
ADJA,PAVAP,0.003843689942344651
ADJD,PAVREL,0.003838771593090211
ADJV,FM,0.0038314176245210726
AVD,DPOSS,0.003821656050955414
DPDS,FM,0.003816793893129771
ADJD,VKFIN.konj,0.0038095238095238095
APPR,AVNEG,0.0038022813688212928
ADJD,PTKNEG,0.003795066413662239
APPR,PRF,0.003787878787878788
ADJD,DIS,0.003787878787878788
VKFIN.konj,VVFIN.ind,0.0037641154328732747
ADJV,DPOSD,0.0037593984962406013
APPR,DPOSS,0.0037593984962406013
ADJS,KOKOM,0.0037593984962406013
ADJD,AVNEG,0.0037593984962406013
ADJD,PAVD,0.00375234521575985
ADJD,PRF,0.00375234521575985
ADJD,DPOSS,0.003738317757009346
ADJN,OA,0.0037243947858473
DDART,VVPS,0.003703703703703704
AVD,PNEG,0.0036991368680641184
FM,VMINF,0.0036900369003690036
ADJV,CARDN,0.0036900369003690036
DIA,DPOSA,0.003676470588235294
ADJD,AVREL,0.003669724770642202
VVFIN.*,VVIMP,0.003656307129798903
ADJS,VKFIN.*,0.0036363636363636364
ADJV,VKFIN.konj,0.0036363636363636364
ADJV,VVIMP,0.0036231884057971015
FM,VVIMP,0.0036231884057971015
ADJN,KOUS,0.0035971223021582736
VAFIN,VVFIN.konj,0.0035971223021582736
AVREL,VVFIN.*,0.0035938903863432167
VMFIN.ind,VVINF,0.003589375448671931
APPR,VKFIN.*,0.0035842293906810036
PTKVZ,VVPS,0.0035842293906810036
FM,VMFIN.konj,0.0035842293906810036
ADJN,NE,0.00357653791130186
PG,VVFIN.*,0.0035650623885918
ADJD,PNEG,0.0035650623885918
ADJV,VAFIN.konj,0.0035587188612099642
FM,PKOR,0.0035587188612099642
ADJS,PTKA,0.0035587188612099642
ADJD,DRELS,0.003552397868561279
ADJV,AVNEG,0.0035460992907801418
DPOSD,VVFIN.konj,0.0035460992907801418
PTKG,VVFIN.konj,0.0035335689045936395
PTKZU,VVFIN.konj,0.0035335689045936395
ADJS,VAINF,0.0035211267605633804
ADJV,DPOSS,0.0035087719298245615
APPR,PG,0.0035087719298245615
ADJD,CARDS,0.0035087719298245615
ADJS,VAFIN.ind,0.0034965034965034965
VKPP,VVFIN.konj,0.0034965034965034965
DDS,VVINF,0.0034916201117318434
VKINF,VVFIN.konj,0.003484320557491289
DPOSA,VVINF,0.0034770514603616135
ADJA<VVPP,PI,0.003472222222222222
ADJS,PNEG,0.003472222222222222
APPR,VAINF,0.003472222222222222
ADJV,KOKOM,0.0034602076124567475
DIART,FM,0.0034602076124567475
APPR,VAFIN.ind,0.0034482758620689655
ADJA,DIN,0.003424657534246575
VVFIN.konj,VVIMP,0.003424657534246575
FM,PTKN,0.003424657534246575
ADJA,APPO,0.003417634996582365
VVIMP,VVPP,0.0034071550255536627
APPR,DRELS,0.003401360544217687
ADJV,AVREL,0.003389830508474576
ADJD,DDS,0.003367003367003367
PKOR,VVFIN.konj,0.003367003367003367
NA,VAFIN.*,0.0033644859813084112
ADJV,VKFIN.*,0.003355704697986577
ADJA,VAFIN.*,0.0033467202141900937
ADJA<VVPP,VVPS,0.0033444816053511705
ADJD,VMFIN.*,0.00333889816360601
ADJD,DPOSA,0.0033333333333333335
APPO,VVFIN.konj,0.0033333333333333335
KON,VVFIN.ind,0.0033259423503325942
APPR,CARDS,0.0033222591362126247
CARDA,VVINF,0.0033178500331785005
VAFIN.*,VVPP,0.0032976092333058533
ADJV,PG,0.003289473684210526
DIART,VVFIN.konj,0.003278688524590164
FM,VMFIN.ind,0.003278688524590164
DIA,PAVAP,0.003278688524590164
PI,VVINF,0.0032637075718015664
ADJV,VAINF,0.003257328990228013
APPR,DDA,0.003246753246753247
PTKN,VVFIN.konj,0.003246753246753247
ADJV,VAFIN.ind,0.003236245954692557
FM,VAFIN.ind,0.003236245954692557
ADJV,PNEG,0.003215434083601286
KON,VVPS,0.003205128205128205
DNEGA,VVFIN.konj,0.003134796238244514
ADJN,PI,0.003115264797507788
ADJS,PTKVZ,0.0030864197530864196
KOUS,VVPP,0.003079291762894534
PNEG,VVFIN.konj,0.0030581039755351682
DRELS,VVFIN.konj,0.00303951367781155
APPR,VMFIN.*,0.0030303030303030303
KOUS,VVPS,0.003003003003003003
NA,VMFIN.ind,0.002995132909022838
CARDS,VVFIN.konj,0.002976190476190476
NE,PTKVZ,0.0029717682020802376
ADJA,FM,0.002937720329024677
CARDA,DIA,0.002932551319648094
VMFIN.konj,VVINF,0.0029239766081871343
NE,PPER,0.0029154518950437317
DPOSS,VVINF,0.002911208151382824
DDS,FM,0.0029069767441860465
FM,PTKVZ,0.002881844380403458
ADJA<VVPP,APPR,0.0028735632183908046
FM,VMFIN.*,0.0028653295128939827
ADJV,VMFIN.*,0.0028653295128939827
VAFIN.ind,VVINF,0.002861230329041488
ADJV,DPOSA,0.002857142857142857
CARDA,NE,0.0028208744710860366
ADJS,PAVAP,0.002777777777777778
DPOSD,VVFIN.*,0.0027649769585253456
NA,PI,0.0027362276541408243
DIART,VVFIN.*,0.002707581227436823
ADJA,VKFIN.*,0.0027063599458728013
ADJA,VAFIN.ind,0.002686366689053056
DRELS,VVFIN.*,0.00265017667844523
ADJA,DDART,0.002635046113306983
NA,VKFIN.*,0.0026231965523702454
DDA,VVFIN.*,0.002617801047120419
AVD,PAVG,0.002617801047120419
ADJA<VVPP,VVFIN.konj,0.0026109660574412533
AVD,VMINF,0.0025906735751295338
ADJD,FM,0.00258732212160414
AVD,VVIMP,0.002574002574002574
VKINF,VVPP,0.002564102564102564
AVD,VMFIN.konj,0.002564102564102564
AVD,VKFIN.ind,0.0025348542458808617
AVD,DGA,0.002506265664160401
OA,PTKREL,0.0025
DPDS,OA,0.0025
OA,PAVG,0.0024937655860349127
DGS,OA,0.0024937655860349127
VAFIN.ind,VVPP,0.0024834437086092716
AVG,OA,0.0024813895781637717
AVD,VAINF,0.0024752475247524753
AVREL,VVFIN.ind,0.0024449877750611247
NA,VAINF,0.0024312698709556763
DDART,VVPP,0.002425222312045271
PG,VVFIN.ind,0.0024183796856106408
VAINF,VVFIN.ind,0.0024096385542168677
CARDA,NA,0.0023813885326982964
OA,PRF,0.0023752969121140144
CARDS,VVFIN.ind,0.002372479240806643
OA,VKFIN.ind,0.002347417840375587
NE,VAFIN.konj,0.00234192037470726
DGA,OA,0.0022988505747126436
APPR,VVPS,0.0022935779816513763
CARDS,NE,0.0022727272727272726
ADJS,XY,0.0022598870056497176
NA,VMFIN.konj,0.002255639097744361
ADJV,PI,0.0022522522522522522
OA,VAINF,0.0022471910112359553
FM,VVFIN.*,0.0022354694485842027
DDART,NA,0.002230897936419409
OA,PNEG,0.0022271714922048997
DPOSA,NA,0.0022259321090706734
VVPP,VVPS,0.0022156573116691287
VVIMP,VVINF,0.0021961932650073207
PKOR,VVINF,0.002188183807439825
VAFIN.konj,VVINF,0.002188183807439825
APPO,VVINF,0.002183406113537118
DIART,VVINF,0.002175489485134155
PI,VVFIN.konj,0.002173913043478261
PTKN,VVINF,0.002170767004341534
DIA,VVFIN.konj,0.0021691973969631237
AVREL,VVINF,0.0021660649819494585
DRELS,VVINF,0.0021382751247327157
CARDS,VVINF,0.002127659574468085
CARDA,VVFIN.ind,0.0021231422505307855
AVD,VVPS,0.0020920502092050207
ADJS,APPR,0.002079002079002079
ADJA,VKFIN.konj,0.0020604395604395605
DPOSA,OA,0.0020491803278688526
ADJA,AVREL,0.0020325203252032522
ADJA,VMFIN.ind,0.002018842530282638
FM,NA,0.001976639712488769
ADJD,DDN,0.0019455252918287938
ADJS,VVFIN.konj,0.001937984496124031
ADJD,AVW,0.0019267822736030828
ADJD,VKPP,0.0019193857965451055
ADJD,VVIMP,0.0018975332068311196
ADJA<VVPS,ADJD,0.0018975332068311196
ADJD,VAFIN.konj,0.0018796992481203006
ADJD,DIN,0.0018796992481203006
NA,VAFIN.ind,0.0018684603886397607
ADJD,KOKOM,0.001851851851851852
PRF,VVFIN.*,0.001813236627379873
PTKN,VVFIN.*,0.0017985611510791368
ADJD,VMFIN.ind,0.0017985611510791368
PNEG,VVFIN.*,0.0017683465959328027
ADJD,DDA,0.0017301038062283738
VAPP,VVPP,0.001718213058419244
VMINF,VVPP,0.0017079419299743809
PTKNEG,VVPP,0.0016992353440951572
APPO,NA,0.0016891891891891893
VKFIN.ind,VVPP,0.0016835016835016834
DIART,VVPP,0.001682085786375105
DRELS,NA,0.0016800448011946986
AVREL,VVPP,0.0016736401673640166
VAINF,VVPP,0.0016570008285004142
PNEG,VVPP,0.0016515276630883566
DIA,VVFIN.*,0.0015810276679841897
KOKOM,NE,0.0015503875968992248
AVREL,NE,0.0015432098765432098
NE,VKFIN.*,0.001539645881447267
NE,PTKA,0.0015325670498084292
NE,VAFIN.ind,0.0015267175572519084
VMINF,XY,0.0015220700152207
DDA,NE,0.0015060240963855422
NA,VKFIN.konj,0.0015037593984962407
VMFIN.konj,XY,0.0015037593984962407
DPOSS,NA,0.00150093808630394
AVREL,NA,0.00149812734082397
NA,PG,0.0014956066554496167
NA,PTKA,0.0014956066554496167
DDART,NE,0.0014936519790888724
ADJD,CARDA,0.0014925373134328358
CARDS,NA,0.0014911463187325257
DDS,NE,0.001486988847583643
DPOSD,VVINF,0.0014738393515106854
PTKNEG,VVINF,0.0014619883040935672
VKFIN.ind,VVINF,0.0014503263234227702
VMFIN.ind,XY,0.001447178002894356
ADJD,DIA,0.0014367816091954023
PG,VVINF,0.0014336917562724014
AVD,XY,0.0014184397163120568
DDA,VVINF,0.0014104372355430183
ADJA,PAVREL,0.0013764624913971094
ADJA,VMINF,0.0013764624913971094
NE,VVPS,0.0013736263736263737
ADJA,ADJA<VVPS,0.0013717421124828531
ADJA,VMFIN.konj,0.0013689253935660506
ADJA,PAVD,0.0013651877133105802
VMFIN.*,XY,0.0013605442176870747
ADJA,VKFIN.ind,0.0013605442176870747
ADJA,DIART,0.0013596193065941536
ADJA,KOKOM,0.0013596193065941536
ADJA,DDA,0.0013253810470510272
PPER,XY,0.0013175230566534915
NA,VVIMP,0.0013152950018789928
NA,VAFIN.konj,0.001314060446780552
ADJA,DDS,0.001310615989515072
AVD,DID,0.0013089005235602095
AVD,PTKREL,0.0013089005235602095
AVD,DDD,0.0013089005235602095
AVD,DDN,0.00130718954248366
AVD,DDSA,0.00130718954248366
DIA,VVINF,0.0013020833333333333
AVD,CARDN,0.00129366106080207
ADJA<VVPP,NA,0.0012931830777757251
AVD,VKFIN.konj,0.001287001287001287
AVD,PTKNEG,0.0012836970474967907
DIA,NA,0.0012748133309051174
VAFIN,VVFIN.ind,0.001272264631043257
KOUS,XY,0.0012706480304955528
AVW,VVFIN.ind,0.0012626262626262627
AVD,VKFIN.*,0.00125
CARDA,XY,0.0012422360248447205
DPOSS,VVFIN.ind,0.0012360939431396785
KOKOM,VVFIN.ind,0.0012300123001230013
PTKA,VVFIN.ind,0.0012077294685990338
PNEG,VVFIN.ind,0.0011976047904191617
DRELS,VVFIN.ind,0.0011947431302270011
DDA,VVFIN.ind,0.0011750881316098707
DDART,VVFIN.ind,0.001160092807424594
DDS,VVFIN.ind,0.001152073732718894
ADJA<VVPP,AVD,0.0011507479861910242
DPOSA,VVFIN.ind,0.0011441647597254005
NA,PAVD,0.001125703564727955
NA,VKFIN.ind,0.0011246485473289597
DIART,NA,0.0011244377811094452
NA,PNEG,0.0011198208286674132
DDS,NA,0.0011129660545353367
ADJV,XY,0.0011001100110011
VVFIN.konj,XY,0.001081081081081081
ADJA,XY,0.0009564801530368245
FM,VVFIN.ind,0.0009551098376313276
NA,VMINF,0.0009400263207369807
NA,PTKN,0.0009363295880149813
VAFIN,VVFIN.*,0.0009233610341643582
DPOSN,VVFIN.*,0.0009225092250922509
VAPP,VVFIN.*,0.0009216589861751152
PTKG,VVFIN.*,0.0009191176470588235
PTKZU,VVFIN.*,0.0009191176470588235
AVW,VVFIN.*,0.0009182736455463728
VKPP,VVFIN.*,0.0009165902841429881
PAVREL,VVFIN.*,0.0009157509157509158
PTKNEG,VVFIN.*,0.0009107468123861566
DIS,VVFIN.*,0.0009099181073703367
PKOR,VVFIN.*,0.0009074410163339383
PAVD,VVFIN.*,0.0009057971014492754
APPO,VVFIN.*,0.0009049773755656109
KOKOM,VVFIN.*,0.0009009009009009009
DNEGA,VVFIN.*,0.0008896797153024911
PTKA,VVFIN.*,0.0008888888888888889
ADJD,XY,0.0008620689655172414
DNEGS,VVPP,0.000859106529209622
PTKANT,VVPP,0.0008583690987124463
KO*,VVPP,0.0008576329331046312
PAVREL,VVPP,0.0008532423208191126
VKFIN.konj,VVPP,0.0008503401360544217
DIS,VVPP,0.0008481764206955047
VAFIN.konj,VVPP,0.0008460236886632825
PRF,VVPP,0.0008445945945945946
PAVD,VVPP,0.0008445945945945946
KOKOM,VVPP,0.0008403361344537816
DNEGA,VVPP,0.0008305647840531562
VMFIN.ind,VVPP,0.0008291873963515755
DRELS,VVPP,0.0008237232289950577
CARDS,VVPP,0.000819000819000819
DDA,VVPP,0.0008143322475570033
DDS,VVPP,0.0008032128514056225
VMFIN.*,VVPP,0.0008
AVW,NE,0.0007874015748031496
NE,VMINF,0.0007855459544383347
CARDN,NE,0.0007855459544383347
PPER,VVPP,0.0007849293563579278
NE,VKFIN.konj,0.0007830853563038371
DRELA,NE,0.0007830853563038371
NE,VVIMP,0.000782472613458529
NE,PKOR,0.000779423226812159
DPOSS,NE,0.000777000777000777
NE,VAINF,0.0007639419404125286
NE,PNEG,0.0007616146230007616
DRELS,NE,0.0007604562737642585
NE,VAFIN.*,0.0007593014426727411
NA,VKINF,0.0007518796992481203
NA,PAVREL,0.0007518796992481203
NA,PTKNEG,0.0007510326699211416
NA,PKOR,0.00075046904315197
PI,VVPP,0.0007434944237918215
DPOSA,NE,0.0007396449704142012
VAFIN,VVINF,0.0007385524372230429
PTKREL,VVINF,0.0007385524372230429
DPOSN,VVINF,0.0007380073800738007
VKPS,VVINF,0.0007380073800738007
VAPP,VVINF,0.0007374631268436578
KO*,VVINF,0.0007369196757553427
PTKG,VVINF,0.0007358351729212656
VKPP,VVINF,0.0007342143906020558
DRELA,VVINF,0.000731528895391368
VKFIN.konj,VVINF,0.000731528895391368
ADJA<VVPP,NE,0.0007304601899196494
DIS,VVINF,0.00072992700729927
DIN,VVINF,0.0007283321194464676
PRF,VVINF,0.0007272727272727272
DNEGA,VVINF,0.0007168458781362007
PTKA,VVINF,0.0007163323782234957
PNEG,VVINF,0.0007127583749109052
ADJA,DDN,0.0006915629322268327
ADJA,PTKG,0.000689655172413793
ADJA,AVW,0.0006891798759476223
ADJA,VKPP,0.0006882312456985547
ADJA,VKINF,0.000687757909215956
ADJA,CARDN,0.000687757909215956
ADJA,VVIMP,0.0006854009595613434
ADJA,PTKNEG,0.0006849315068493151
ADJA,VAFIN.konj,0.0006830601092896175
ADJA,AVNEG,0.0006825938566552901
ADJA,PRF,0.0006821282401091405
ADJA,PG,0.0006724949562878278
ADJA,DRELS,0.0006684491978609625
ADJA,DPOSA,0.0006523157208088715
FM,VVINF,0.0006191950464396285
VVFIN.*,XY,0.0005780346820809249
NA,PTKG,0.0005642279480910288
AVW,NA,0.0005641218503196691
AVNEG,NA,0.0005626406601650412
KOKOM,NA,0.0005619029780857839
DDA,NA,0.0005579319323042589
NA,XY,0.0005034401745259272
DPOSN,NA,0.0003763643206624012
NA,VKPS,0.0003763643206624012
NA,VAPP,0.00037629350893697084
DPOSD,NA,0.0003761519653940192
DRELA,NA,0.0003755163349605708
DIS,NA,0.0003753049352598987
DGA,NA,0.00037397157816005983
NA,PTKREL,0.0001881821603312006
NA,VAFIN,0.0001881821603312006
DDSA,NA,0.00018814675446848542
DDN,NA,0.00018814675446848542
NA,PTKANT,0.00018811136192626034
AVG,NA,0.0001880759826970096
KO*,NA,0.0001880759826970096
NA,VKPP,0.00018789928598271326
ADJA<VVPS,NA,0.00018768768768768769
DIN,NA,0.00018751171948246765
NA,PRF,0.00018744142455482662
VAFIN,VVPP,0.0
APPR,VMFIN.konj,0.0
DDSA,VVPP,0.0
DDSA,NE,0.0
APPR,PTKG,0.0
APPR,PKOR,0.0
AVG,VVPP,0.0
NE,VAFIN,0.0
DPOSN,NE,0.0
APPR,DNEGA,0.0
DNEGS,NE,0.0
DPOSD,DRELS,0.0
DID,DRELS,0.0
DRELS,PRF,0.0
DDN,NE,0.0
APPR,DPOSD,0.0
APPR,DID,0.0
DPOSGEN,NE,0.0
ADJN<VVPP,NE,0.0
APPR,VKFIN.konj,0.0
DRELS,VKFIN.konj,0.0
APPR,CARDA,0.0
DRELS,VMFIN.konj,0.0
KO*,NE,0.0
DRELS,PTKZU,0.0
PAVG,VVPP,0.0
PTKREL,VVPP,0.0
CARDN,DRELS,0.0
CARDS,DRELS,0.0
DRELS,PTKG,0.0
NE,PTKREL,0.0
DGN,NE,0.0
DRELS,DWS,0.0
DDD,NE,0.0
NE,PAVG,0.0
ADJS,DRELS,0.0
APPR,DWS,0.0
APPR,XY,0.0
DRELS,PAVAP,0.0
APPR,CARDN,0.0
AVG,NE,0.0
ADJV,DRELS,0.0
DIN,DRELS,0.0
APPR,VMFIN.ind,0.0
DRELS,VKFIN.*,0.0
DRELS,XY,0.0
DRELS,VAFIN.*,0.0
DDD,VVPP,0.0
DRELS,PTKN,0.0
DGN,VVPP,0.0
DRELS,VKFIN.ind,0.0
DPOSN,VVPP,0.0
DRELS,PTKNEG,0.0
KON,VAINF,0.0
APPR,VAFIN.konj,0.0
DDART,DGA,0.0
DNEGS,VAFIN.ind,0.0
KO*,VAFIN.ind,0.0
DDSA,VAFIN.ind,0.0
DDART,VKPP,0.0
AVG,VAFIN.ind,0.0
PAVG,VAFIN.ind,0.0
PTKREL,VAFIN.ind,0.0
DPOSN,VAFIN.ind,0.0
DGN,VAFIN.ind,0.0
DDD,VAFIN.ind,0.0
DDART,VAPP,0.0
AVNEG,DDART,0.0
APPO,DDART,0.0
DPOSGEN,VAFIN.ind,0.0
DIA,VVPP,0.0
PTKN,VVPP,0.0
DDART,VMINF,0.0
ADJN,DDART,0.0
CARDA,VVPP,0.0
CARDN,VVPP,0.0
PTKG,VVPP,0.0
PG,VVPP,0.0
DDART,VVIMP,0.0
DWS,VVPP,0.0
DDART,VAINF,0.0
DDART,PNEG,0.0
DDN,VAFIN.ind,0.0
ADJN<VVPP,VAFIN.ind,0.0
DDART,VAFIN.konj,0.0
DGA,VAFIN.ind,0.0
PAVREL,VAFIN.ind,0.0
DDART,DNEGS,0.0
VAFIN.ind,VKINF,0.0
PNEG,VAFIN.ind,0.0
DDART,DDN,0.0
DDART,DPOSGEN,0.0
ADJN<VVPP,DDART,0.0
ADJN,VAFIN.ind,0.0
VAFIN.ind,VMINF,0.0
APPO,VAFIN.ind,0.0
DRELA,VAFIN.ind,0.0
AVW,DDART,0.0
AVNEG,VAFIN.ind,0.0
DIS,VAFIN.ind,0.0
VAFIN.ind,VAPP,0.0
ADJA<VVPS,DDART,0.0
PTKANT,VAFIN.ind,0.0
DPDS,VAFIN.ind,0.0
DDART,DGS,0.0
VAFIN.ind,VKPS,0.0
DGS,VAFIN.ind,0.0
DDART,VKPS,0.0
ADJA<VVPS,VAFIN.ind,0.0
DDART,PTKANT,0.0
AVW,VAFIN.ind,0.0
ADJA<VVPP,VAFIN.ind,0.0
DDART,VKINF,0.0
DDART,VMFIN.konj,0.0
DDN,VVPP,0.0
APPR,DGS,0.0
APPO,VVPP,0.0
DRELA,VVPP,0.0
DGA,VVPP,0.0
AVNEG,VVPP,0.0
APPR,DDN,0.0
APPR,DPOSGEN,0.0
ADJN<VVPP,APPR,0.0
ADJA<VVPS,APPR,0.0
DPDS,VVPP,0.0
VKPS,VVPP,0.0
DGS,VVPP,0.0
ADJA<VVPS,VVPP,0.0
APPR,VKPS,0.0
APPR,DDSA,0.0
APPR,DPDS,0.0
APPR,PTKANT,0.0
AVW,VVPP,0.0
APPR,VKPP,0.0
APPR,VAPP,0.0
APPR,DGA,0.0
APPR,DRELA,0.0
APPR,VMINF,0.0
ADJN<VVPP,VVPP,0.0
APPR,PNEG,0.0
APPR,VKINF,0.0
DPOSGEN,VVPP,0.0
APPR,DNEGS,0.0
APPR,VAFIN,0.0
DDART,VKFIN.konj,0.0
CARDN,DDART,0.0
DDART,DID,0.0
DIN,VVPP,0.0
DDART,DPOSD,0.0
VVPP,XY,0.0
DDART,XY,0.0
DDART,DIN,0.0
PTKZU,VVPP,0.0
DPOSS,VVPP,0.0
PKOR,VVPP,0.0
ADJS,DDART,0.0
DDART,DWS,0.0
DDART,PTKG,0.0
DDART,VKFIN.ind,0.0
APPR,AVG,0.0
DPOSD,VVPP,0.0
DID,VVPP,0.0
DDART,VAFIN.*,0.0
DDART,VAFIN.ind,0.0
VMFIN.konj,VVPP,0.0
DDART,DNEGA,0.0
DDART,VMFIN.*,0.0
APPR,DDD,0.0
APPR,DGN,0.0
APPR,DPOSN,0.0
DRELS,VVPS,0.0
APPR,PAVG,0.0
APPR,PTKREL,0.0
DPOSD,NE,0.0
DIS,NE,0.0
PTKNEG,VVFIN.ind,0.0
DGS,VVFIN.ind,0.0
ADJA<VVPS,VVFIN.ind,0.0
FM,VAFIN,0.0
DIS,VVFIN.ind,0.0
ADJN<VVPP,VVFIN.ind,0.0
DPOSGEN,VVFIN.ind,0.0
DDN,VVFIN.ind,0.0
DNEGS,VVFIN.ind,0.0
KO*,VVFIN.ind,0.0
DDSA,FM,0.0
FM,KO*,0.0
DDSA,VVFIN.ind,0.0
AVG,VVFIN.ind,0.0
PAVG,VVFIN.ind,0.0
PTKREL,VVFIN.ind,0.0
DNEGS,FM,0.0
DPOSN,VVFIN.ind,0.0
DGN,VVFIN.ind,0.0
DDN,FM,0.0
DDD,VVFIN.ind,0.0
DPOSGEN,FM,0.0
ADJN<VVPP,FM,0.0
DIS,FM,0.0
ADJA<VVPP,FM,0.0
AVW,FM,0.0
VKPS,VVFIN.ind,0.0
DPDS,VVFIN.ind,0.0
PTKANT,VVFIN.ind,0.0
VKINF,VVFIN.ind,0.0
DIN,VVFIN.ind,0.0
VVFIN.ind,XY,0.0
PTKZU,VVFIN.ind,0.0
NA,PTKZU,0.0
PKOR,VVFIN.ind,0.0
DPOSD,VVFIN.ind,0.0
DID,VVFIN.ind,0.0
PRF,VVFIN.ind,0.0
DWS,NA,0.0
PAVREL,VVFIN.ind,0.0
CARDN,NA,0.0
APPO,VVFIN.ind,0.0
AVG,FM,0.0
DNEGA,NA,0.0
DRELA,VVFIN.ind,0.0
DGA,VVFIN.ind,0.0
DDD,FM,0.0
AVNEG,VVFIN.ind,0.0
DGN,FM,0.0
VAPP,VVFIN.ind,0.0
DPOSN,FM,0.0
FM,PTKREL,0.0
FM,PAVG,0.0
VKPP,VVFIN.ind,0.0
ADJA<VVPS,FM,0.0
DGS,FM,0.0
FM,VKPS,0.0
FM,PAVD,0.0
FM,PTKNEG,0.0
DWS,FM,0.0
FM,PG,0.0
FM,PTKG,0.0
ADJV,DDS,0.0
CARDS,FM,0.0
CARDN,FM,0.0
DDS,XY,0.0
DDA,FM,0.0
CARDA,FM,0.0
DDS,PTKZU,0.0
FM,VKFIN.ind,0.0
DIN,FM,0.0
DDS,DPOSD,0.0
DIA,FM,0.0
DDS,DID,0.0
FM,VAFIN.*,0.0
FM,VVPP,0.0
DDS,VKFIN.konj,0.0
DNEGA,FM,0.0
DDS,VMFIN.konj,0.0
DDS,VVPS,0.0
FM,PTKA,0.0
DPOSA,FM,0.0
ADJS,DDS,0.0
DDS,DWS,0.0
FM,PTKANT,0.0
FM,PAVREL,0.0
FM,VKPP,0.0
FM,VAPP,0.0
AVNEG,FM,0.0
DGA,FM,0.0
DRELA,FM,0.0
APPO,FM,0.0
ADJN,FM,0.0
FM,VAINF,0.0
FM,PNEG,0.0
FM,VKINF,0.0
FM,VAFIN.konj,0.0
FM,VVFIN.konj,0.0
FM,VKFIN.*,0.0
FM,VVPS,0.0
FM,VKFIN.konj,0.0
CARDN,DDS,0.0
AVREL,FM,0.0
FM,KOKOM,0.0
DDS,PTKG,0.0
FM,PRF,0.0
DID,FM,0.0
DPOSD,FM,0.0
DPOSS,FM,0.0
FM,PTKZU,0.0
DID,NA,0.0
PI,VVFIN.ind,0.0
DRELS,PTKVZ,0.0
DWS,VVFIN.ind,0.0
DNEGS,DRELS,0.0
NE,VKINF,0.0
DRELS,VAFIN,0.0
NE,PAVREL,0.0
DRELS,PAVG,0.0
DRELS,PTKREL,0.0
DPOSN,DRELS,0.0
DGN,DRELS,0.0
NE,PRF,0.0
DID,NE,0.0
DDART,VAFIN,0.0
DIA,VAFIN.*,0.0
NE,PTKZU,0.0
NE,XY,0.0
PAVD,VAFIN.*,0.0
DIN,NE,0.0
NE,PTKNEG,0.0
PAVAP,VAFIN.*,0.0
NE,PI,0.0
CARDA,VAFIN.*,0.0
DDA,VAFIN.*,0.0
CARDN,VAFIN.*,0.0
DWS,NE,0.0
CARDS,VAFIN.*,0.0
NE,PG,0.0
DDN,DRELS,0.0
DPOSGEN,DRELS,0.0
ADJN<VVPP,DRELS,0.0
NE,PTKANT,0.0
DRELS,VAFIN.konj,0.0
DRELS,VKINF,0.0
DRELS,PNEG,0.0
ADJA<VVPS,NE,0.0
DRELS,VAINF,0.0
DGS,NE,0.0
ADJN,DRELS,0.0
DRELS,VMINF,0.0
NE,VKPS,0.0
APPO,DRELS,0.0
DPDS,NE,0.0
NE,VKPP,0.0
DIS,DRELS,0.0
AVNEG,DRELS,0.0
NE,VAPP,0.0
DRELS,VAPP,0.0
DRELS,VKPP,0.0
DRELS,PTKANT,0.0
AVNEG,NE,0.0
DGA,NE,0.0
DRELS,VKPS,0.0
ADJA<VVPS,DRELS,0.0
APPO,NE,0.0
ADJA<VVPP,DRELS,0.0
NE,PTKG,0.0
NE,PAVD,0.0
NE,PTKN,0.0
DDN,VAFIN.*,0.0
DPDS,VAFIN.*,0.0
VAFIN.*,VKPS,0.0
DGS,NA,0.0
DGS,VAFIN.*,0.0
ADJA<VVPS,VAFIN.*,0.0
AVW,VAFIN.*,0.0
ADJA<VVPP,VAFIN.*,0.0
DIS,VAFIN.*,0.0
DPDS,NA,0.0
ADJN<VVPP,VAFIN.*,0.0
DPOSGEN,VAFIN.*,0.0
DNEGS,VAFIN.*,0.0
ADJN<VVPP,NA,0.0
KO*,VAFIN.*,0.0
DDSA,VAFIN.*,0.0
AVG,VAFIN.*,0.0
PAVG,VAFIN.*,0.0
DGN,VAFIN.*,0.0
DDD,VAFIN.*,0.0
DIA,VVFIN.ind,0.0
PTKN,VVFIN.ind,0.0
PAVD,VVFIN.ind,0.0
CARDN,VVFIN.ind,0.0
PTKG,VVFIN.ind,0.0
PTKANT,VAFIN.*,0.0
DPOSGEN,NA,0.0
NE,VKFIN.ind,0.0
PRF,VAFIN.*,0.0
DWS,VAFIN.*,0.0
DIA,NE,0.0
ADJS,VAFIN.*,0.0
PTKNEG,VAFIN.*,0.0
DNEGA,NE,0.0
DIN,VAFIN.*,0.0
DIART,NE,0.0
VAFIN.*,XY,0.0
PTKZU,VAFIN.*,0.0
PKOR,VAFIN.*,0.0
DID,VAFIN.*,0.0
DDD,NA,0.0
AVNEG,VAFIN.*,0.0
DGN,NA,0.0
VAFIN.*,VVPS,0.0
NA,PAVG,0.0
PTKVZ,VAFIN.*,0.0
PAVREL,VAFIN.*,0.0
PNEG,VAFIN.*,0.0
DNEGS,NA,0.0
ADJN,VAFIN.*,0.0
APPO,VAFIN.*,0.0
DRELA,VAFIN.*,0.0
DGA,VAFIN.*,0.0
PTKVZ,VAFIN.ind,0.0
DNEGA,PAVG,0.0
VAFIN.ind,VVPS,0.0
PTKANT,VMFIN.*,0.0
DIART,PTKN,0.0
DIART,PAVD,0.0
DPOSGEN,PTKA,0.0
ADJN<VVPP,PTKA,0.0
ADJA<VVPP,PTKA,0.0
CARDN,DIART,0.0
AVW,PTKA,0.0
ADJA<VVPS,PTKA,0.0
DIART,PTKG,0.0
DIART,PG,0.0
DGS,PTKA,0.0
PTKA,VKPS,0.0
DIART,DWS,0.0
DPDS,PTKA,0.0
PTKA,PTKANT,0.0
ADJS,DIART,0.0
PTKA,VKPP,0.0
PTKA,VAPP,0.0
PTKA,VMINF,0.0
DIART,DIN,0.0
PTKA,VAINF,0.0
DIART,VKFIN.*,0.0
DIART,XY,0.0
PNEG,PTKA,0.0
PTKA,VKINF,0.0
PTKA,VAFIN.konj,0.0
DIART,PTKZU,0.0
PAVREL,PTKA,0.0
PTKA,VVPS,0.0
DIART,VKFIN.ind,0.0
DNEGS,PTKA,0.0
DDSA,PTKA,0.0
AVG,VMFIN.*,0.0
VKPS,VMFIN.*,0.0
DGS,VMFIN.*,0.0
ADJA<VVPS,VMFIN.*,0.0
AVW,VMFIN.*,0.0
DIS,VMFIN.*,0.0
ADJN<VVPP,VMFIN.*,0.0
DPOSGEN,VMFIN.*,0.0
DDN,VMFIN.*,0.0
DNEGS,VMFIN.*,0.0
AVD,DWS,0.0
KO*,VMFIN.*,0.0
DDSA,VMFIN.*,0.0
AVD,DNEGA,0.0
PAVG,VMFIN.*,0.0
PTKA,VAFIN,0.0
DDD,PTKA,0.0
DPOSN,VMFIN.*,0.0
DGN,VMFIN.*,0.0
DDD,VMFIN.*,0.0
DGN,PTKA,0.0
DPOSN,PTKA,0.0
DIART,VMFIN.ind,0.0
DIART,DNEGA,0.0
DIART,VAFIN.ind,0.0
PAVG,PTKA,0.0
DIART,VAFIN.*,0.0
DIART,VVFIN.ind,0.0
AVG,PTKA,0.0
PTKA,VMFIN.konj,0.0
PTKA,VKFIN.konj,0.0
PRF,PTKA,0.0
ADJA,KO*,0.0
ADJA,PTKREL,0.0
DIART,VAPP,0.0
DIART,VKPP,0.0
DIART,PTKANT,0.0
DIART,DPDS,0.0
DIART,VKPS,0.0
ADJA,PAVG,0.0
ADJA,AVG,0.0
ADJA,VAFIN,0.0
DGS,DIART,0.0
ADJA<VVPS,DIART,0.0
ADJA,DDSA,0.0
AVW,DIART,0.0
ADJA,DNEGS,0.0
ADJA,DPOSN,0.0
ADJA,DPOSGEN,0.0
ADJN<VVPP,DIART,0.0
ADJA,ADJN<VVPP,0.0
DIART,DPOSGEN,0.0
DDN,DIART,0.0
ADJA,DGS,0.0
ADJA,VKPS,0.0
ADJA,DPDS,0.0
ADJA,PTKANT,0.0
DIART,DNEGS,0.0
DIART,KO*,0.0
DDSA,DIART,0.0
DIART,VAFIN,0.0
AVNEG,DIART,0.0
ADJA,DGN,0.0
DPOSD,PTKA,0.0
PTKA,VKFIN.ind,0.0
PTKA,XY,0.0
PTKA,VKFIN.*,0.0
DIART,DID,0.0
PTKA,PTKNEG,0.0
DWS,PTKA,0.0
DIART,KOKOM,0.0
CARDS,PTKA,0.0
DIART,VKFIN.konj,0.0
DIART,VMFIN.konj,0.0
DIART,VVPS,0.0
CARDN,PTKA,0.0
CARDA,PTKA,0.0
PAVD,PTKA,0.0
PTKA,VVPP,0.0
ADJA,DDD,0.0
PTKA,VAFIN.ind,0.0
DIART,PAVREL,0.0
DNEGA,PTKA,0.0
DIART,VAFIN.konj,0.0
DIART,VKINF,0.0
DIART,PNEG,0.0
DIART,VAINF,0.0
DIART,VVIMP,0.0
ADJN,DIART,0.0
DIART,VMINF,0.0
APPO,DIART,0.0
PTKA,VMFIN.ind,0.0
DIART,DRELA,0.0
DPDS,VMFIN.*,0.0
VKPP,VMFIN.*,0.0
ADJA,VAPP,0.0
VAPP,VMFIN.*,0.0
DGN,PPER,0.0
PPER,PTKREL,0.0
DNEGA,VMFIN.*,0.0
PAVG,PPER,0.0
DRELS,VMFIN.*,0.0
AVG,PPER,0.0
PPER,VAFIN,0.0
DDSA,PPER,0.0
KO*,PPER,0.0
DIA,VMFIN.*,0.0
DNEGS,PPER,0.0
DDN,PPER,0.0
PAVD,VMFIN.*,0.0
DPOSGEN,PPER,0.0
PAVAP,VMFIN.*,0.0
CARDA,VMFIN.*,0.0
ADJN<VVPP,PPER,0.0
ADJA<VVPS,PPER,0.0
DGS,PPER,0.0
PPER,VKPS,0.0
CARDN,VMFIN.*,0.0
DPDS,PPER,0.0
CARDS,VMFIN.*,0.0
PPER,PTKANT,0.0
PPER,VKPP,0.0
PPER,VAPP,0.0
AVNEG,PPER,0.0
DRELA,PPER,0.0
PPER,VMINF,0.0
DIART,VMFIN.*,0.0
DDD,KON,0.0
DGN,KON,0.0
KON,XY,0.0
KON,VKINF,0.0
KON,VMINF,0.0
KON,VMFIN.konj,0.0
KON,VKFIN.konj,0.0
DPOSD,KON,0.0
DPOSS,KON,0.0
KON,VAPP,0.0
KON,VKPP,0.0
KON,PTKANT,0.0
DPDS,KON,0.0
KON,VKPS,0.0
DGS,KON,0.0
ADJA<VVPS,KON,0.0
KON,VKFIN.*,0.0
DPOSN,KON,0.0
ADJS,KON,0.0
DWS,KON,0.0
CARDN,KON,0.0
ADJN<VVPP,KON,0.0
DPOSGEN,KON,0.0
DDN,KON,0.0
DNEGS,KON,0.0
KON,VKFIN.ind,0.0
DDSA,KON,0.0
KON,VAFIN,0.0
DDS,VKINF,0.0
DNEGA,KON,0.0
DDD,PPER,0.0
PNEG,PPER,0.0
DWS,VMFIN.*,0.0
PAVREL,PPER,0.0
AVD,VKPS,0.0
KOUS,PRF,0.0
DWS,KOUS,0.0
CARDN,KOUS,0.0
DNEGA,KOUS,0.0
VMFIN.*,VVPS,0.0
AVD,DGN,0.0
AVD,DPOSN,0.0
AVD,VAFIN,0.0
AVD,DNEGS,0.0
AVD,DPOSGEN,0.0
ADJN<VVPP,AVD,0.0
ADJA<VVPS,AVD,0.0
AVD,DGS,0.0
AVD,DPDS,0.0
KOUS,VMINF,0.0
PAVREL,VMFIN.*,0.0
AVD,PTKANT,0.0
AVD,VKPP,0.0
PNEG,VMFIN.*,0.0
AVD,VAPP,0.0
AVD,VKINF,0.0
AVD,VAFIN.konj,0.0
APPO,VMFIN.*,0.0
AVD,PRF,0.0
DRELA,VMFIN.*,0.0
DGA,VMFIN.*,0.0
AVNEG,VMFIN.*,0.0
AVD,DPOSD,0.0
KOUS,VMFIN.konj,0.0
KOUS,VAPP,0.0
PI,VMFIN.*,0.0
PKOR,VMFIN.*,0.0
PPER,VVPS,0.0
KOKOM,PPER,0.0
DID,PPER,0.0
PTKNEG,VMFIN.*,0.0
PKOR,PPER,0.0
PPER,PTKZU,0.0
DIN,VMFIN.*,0.0
DIN,PPER,0.0
DWS,PPER,0.0
CARDN,PPER,0.0
PPER,PTKN,0.0
PTKZU,VMFIN.*,0.0
DGN,KOUS,0.0
DPOSN,KOUS,0.0
KOUS,PTKANT,0.0
KOUS,VAFIN,0.0
DNEGS,KOUS,0.0
DDN,KOUS,0.0
DPOSGEN,KOUS,0.0
DID,VMFIN.*,0.0
ADJN<VVPP,KOUS,0.0
PRF,VMFIN.*,0.0
ADJA<VVPP,KOUS,0.0
ADJA<VVPS,KOUS,0.0
VKFIN.konj,VMFIN.*,0.0
DGS,KOUS,0.0
KOUS,VKPS,0.0
DPDS,KOUS,0.0
AVG,DIART,0.0
ADJA,DGA,0.0
VAFIN.ind,VMFIN.konj,0.0
VKPS,VMFIN.ind,0.0
DDA,DNEGA,0.0
ADJN<VVPP,VVFIN.*,0.0
CARDS,DNEGA,0.0
DNEGA,PTKG,0.0
DNEGA,PG,0.0
DNEGA,DWS,0.0
DNEGA,PI,0.0
ADJS,DNEGA,0.0
ADJA<VVPS,VVFIN.*,0.0
DGS,VVFIN.*,0.0
ADJV,DNEGA,0.0
DIN,DNEGA,0.0
VKPS,VVFIN.*,0.0
DPDS,VVFIN.*,0.0
PTKANT,VVFIN.*,0.0
DNEGA,VKFIN.*,0.0
DNEGA,XY,0.0
AVNEG,VVFIN.*,0.0
DNEGA,PTKZU,0.0
DNEGA,DPOSS,0.0
DNEGA,PKOR,0.0
DNEGA,DPOSD,0.0
DID,DNEGA,0.0
DNEGA,PRF,0.0
DNEGA,KOKOM,0.0
AVREL,DNEGA,0.0
DNEGA,VKFIN.konj,0.0
DNEGA,VMFIN.konj,0.0
DNEGA,VVPS,0.0
DPOSGEN,VVFIN.*,0.0
DDN,VVFIN.*,0.0
DNEGS,VVFIN.*,0.0
AVG,VVFIN.*,0.0
ADJA<VVPS,VMFIN.ind,0.0
DGN,VVFIN.*,0.0
ADJA<VVPP,VMFIN.ind,0.0
DIS,VMFIN.ind,0.0
ADJN<VVPP,VMFIN.ind,0.0
DPOSGEN,VMFIN.ind,0.0
DDN,VMFIN.ind,0.0
DNEGS,VMFIN.ind,0.0
KO*,VMFIN.ind,0.0
DDSA,VMFIN.ind,0.0
VAFIN,VMFIN.ind,0.0
PTKREL,VVFIN.*,0.0
PAVG,VVFIN.*,0.0
PTKREL,VMFIN.ind,0.0
DNEGA,PAVAP,0.0
DPOSN,VMFIN.ind,0.0
DGN,VMFIN.ind,0.0
DDD,VMFIN.ind,0.0
DNEGA,VAFIN.ind,0.0
DNEGA,DRELS,0.0
DNEGA,VAFIN.*,0.0
DNEGA,VVFIN.ind,0.0
ADJD,DNEGA,0.0
DDSA,VVFIN.*,0.0
DNEGA,VKFIN.ind,0.0
DNEGA,PTKN,0.0
KO*,VVFIN.*,0.0
DNEGA,PAVD,0.0
DGA,VVFIN.*,0.0
DRELA,VVFIN.*,0.0
DNEGA,PAVREL,0.0
PTKNEG,VAFIN.ind,0.0
DWS,VVFIN.*,0.0
DIA,VAFIN.ind,0.0
CARDN,VVFIN.*,0.0
PTKN,VAFIN.ind,0.0
PAVD,VAFIN.ind,0.0
PAVAP,VAFIN.ind,0.0
CARDA,VAFIN.ind,0.0
DDA,VAFIN.ind,0.0
CARDN,VAFIN.ind,0.0
CARDS,VAFIN.ind,0.0
PTKG,VAFIN.ind,0.0
DWS,VAFIN.ind,0.0
PI,VAFIN.ind,0.0
DDART,DGN,0.0
DID,VVFIN.*,0.0
DIN,VAFIN.ind,0.0
DDART,DPOSN,0.0
VAFIN.ind,XY,0.0
PTKZU,VAFIN.ind,0.0
DPOSS,VAFIN.ind,0.0
PKOR,VAFIN.ind,0.0
DPOSD,VAFIN.ind,0.0
DID,VAFIN.ind,0.0
DDART,PTKREL,0.0
PRF,VAFIN.ind,0.0
KOKOM,VAFIN.ind,0.0
DDART,PAVG,0.0
AVG,DDART,0.0
DIN,VVFIN.*,0.0
DDD,DNEGA,0.0
DNEGA,VAFIN.konj,0.0
DGS,DNEGA,0.0
DNEGA,VKINF,0.0
DNEGA,VAINF,0.0
DNEGA,VVIMP,0.0
ADJN,DNEGA,0.0
DNEGA,VMINF,0.0
APPO,DNEGA,0.0
DNEGA,DRELA,0.0
DGA,DNEGA,0.0
AVNEG,DNEGA,0.0
DNEGA,VAPP,0.0
DNEGA,VKPP,0.0
DNEGA,DPDS,0.0
DNEGA,VKPS,0.0
ADJA<VVPS,DNEGA,0.0
DGN,DNEGA,0.0
AVW,DNEGA,0.0
ADJA<VVPP,DNEGA,0.0
DIS,DNEGA,0.0
ADJN<VVPP,DNEGA,0.0
DNEGA,DPOSGEN,0.0
DDN,DNEGA,0.0
DNEGA,KO*,0.0
DDSA,DNEGA,0.0
DNEGA,VAFIN,0.0
AVG,DNEGA,0.0
KON,PNEG,0.0
DNEGA,PTKREL,0.0
DNEGA,DPOSN,0.0
DGS,VMFIN.ind,0.0
DDD,VVFIN.*,0.0
ADJA,DRELA,0.0
DPDS,VMFIN.ind,0.0
ADJN<VVPP,DPOSA,0.0
ADJA<VVPP,DPOSA,0.0
PTKANT,VVINF,0.0
DPDS,VVINF,0.0
AVW,DPOSA,0.0
ADJA<VVPS,DPOSA,0.0
DGS,VVINF,0.0
DGS,DPOSA,0.0
ADJA<VVPS,VVINF,0.0
AVW,VVINF,0.0
DPOSA,VKPS,0.0
ADJN<VVPP,VVINF,0.0
DPOSGEN,VVINF,0.0
DPDS,DPOSA,0.0
DPOSA,PTKANT,0.0
DDN,VVINF,0.0
DNEGS,VVINF,0.0
DPOSA,VKPP,0.0
DDSA,VVINF,0.0
AVG,VVINF,0.0
PAVG,VVINF,0.0
DPOSA,VAPP,0.0
DGN,VVINF,0.0
DDD,VVINF,0.0
DNEGA,VMFIN.ind,0.0
AVNEG,DPOSA,0.0
DGA,DPOSA,0.0
DPOSA,DRELA,0.0
APPO,DPOSA,0.0
AVNEG,VVINF,0.0
DGA,VVINF,0.0
DDN,DPOSA,0.0
ADJA,PTKZU,0.0
DIART,PAVG,0.0
DIART,PTKREL,0.0
DIART,DPOSN,0.0
DGN,DIART,0.0
DDD,DIART,0.0
ADJA,PNEG,0.0
ADJA,DID,0.0
PAVD,VVINF,0.0
ADJA,DPOSD,0.0
ADJA,PKOR,0.0
CARDN,VVINF,0.0
ADJA,DPOSS,0.0
DWS,VVINF,0.0
ADJA,DWS,0.0
DNEGS,DPOSA,0.0
VVINF,XY,0.0
PTKZU,VVINF,0.0
DID,VVINF,0.0
ADJA,DNEGA,0.0
PAVREL,VVINF,0.0
DDD,DPOSA,0.0
DGN,DPOSA,0.0
DPOSA,PTKREL,0.0
DPOSA,PAVG,0.0
AVG,DPOSA,0.0
DPOSA,VAFIN,0.0
DDSA,DPOSA,0.0
DPOSA,KO*,0.0
ADJN,DPOSA,0.0
DPOSA,VVIMP,0.0
DPOSA,PNEG,0.0
DPOSA,VVPP,0.0
KOKOM,VMFIN.ind,0.0
CARDS,DPOSA,0.0
VKFIN.konj,VMFIN.ind,0.0
CARDN,DPOSA,0.0
DDA,DPOSA,0.0
CARDA,DPOSA,0.0
VMFIN.ind,VVPS,0.0
DPOSA,PAVD,0.0
DPOSA,PTKN,0.0
DDS,DPOSA,0.0
VAFIN.konj,VMFIN.ind,0.0
VKINF,VMFIN.ind,0.0
DPOSA,DRELS,0.0
DPOSA,VAFIN.ind,0.0
DID,VMFIN.ind,0.0
PNEG,VMFIN.ind,0.0
DNEGA,DPOSA,0.0
VMFIN.ind,VVIMP,0.0
ADJN,VMFIN.ind,0.0
DPOSA,VMFIN.ind,0.0
APPO,VMFIN.ind,0.0
DRELA,VMFIN.ind,0.0
DGA,VMFIN.ind,0.0
AVNEG,VMFIN.ind,0.0
VAPP,VMFIN.ind,0.0
DPOSA,KON,0.0
VKPP,VMFIN.ind,0.0
PTKANT,VMFIN.ind,0.0
PRF,VMFIN.ind,0.0
DPOSD,VMFIN.ind,0.0
DPOSA,PAVREL,0.0
DDA,VMFIN.ind,0.0
DPOSA,VVPS,0.0
DPOSA,VMFIN.konj,0.0
DPOSA,VKFIN.konj,0.0
DPOSA,KOKOM,0.0
DIA,VMFIN.ind,0.0
DID,DPOSA,0.0
DPOSA,PKOR,0.0
DPOSA,PTKZU,0.0
PTKN,VMFIN.ind,0.0
DPOSA,XY,0.0
DPOSA,PTKNEG,0.0
ADJS,DPOSA,0.0
CARDA,VMFIN.ind,0.0
CARDN,VMFIN.ind,0.0
PKOR,VMFIN.ind,0.0
CARDS,VMFIN.ind,0.0
PTKG,VMFIN.ind,0.0
PG,VMFIN.ind,0.0
DWS,VMFIN.ind,0.0
PI,VMFIN.ind,0.0
DPOSA,DWS,0.0
PTKNEG,VMFIN.ind,0.0
DPOSA,PG,0.0
ADJV,VMFIN.ind,0.0
DIN,VMFIN.ind,0.0
DPOSA,PTKG,0.0
PTKZU,VMFIN.ind,0.0
DPOSS,VMFIN.ind,0.0
DDS,VAFIN.konj,0.0
DDD,DGN,0.0
DDS,PNEG,0.0
DPOSGEN,VMFIN.konj,0.0
PAVREL,VVPS,0.0
DDD,VMFIN.konj,0.0
DGN,VMFIN.konj,0.0
DPOSN,VMFIN.konj,0.0
PTKREL,VMFIN.konj,0.0
PAVG,VMFIN.konj,0.0
AVG,VMFIN.konj,0.0
VAFIN,VMFIN.konj,0.0
DDSA,VMFIN.konj,0.0
KO*,VMFIN.konj,0.0
DNEGS,VMFIN.konj,0.0
DDN,VMFIN.konj,0.0
ADJN<VVPP,VMFIN.konj,0.0
VKINF,VVPS,0.0
DIS,VMFIN.konj,0.0
ADJA<VVPP,VMFIN.konj,0.0
AVW,VMFIN.konj,0.0
ADJA<VVPS,VMFIN.konj,0.0
DGS,VMFIN.konj,0.0
VKPS,VMFIN.konj,0.0
DPDS,VMFIN.konj,0.0
PTKANT,VMFIN.konj,0.0
VKPP,VMFIN.konj,0.0
VAPP,VMFIN.konj,0.0
AVNEG,VMFIN.konj,0.0
DGA,VMFIN.konj,0.0
VAFIN.konj,VVPS,0.0
VAINF,VVPS,0.0
AVNEG,VVFIN.konj,0.0
DDN,VVPS,0.0
DRELA,VVFIN.konj,0.0
PAVREL,VVFIN.konj,0.0
DDD,VVPS,0.0
DGN,VVPS,0.0
DPOSN,VVPS,0.0
PTKREL,VVPS,0.0
PAVG,VVPS,0.0
AVG,VVPS,0.0
VAFIN,VVPS,0.0
DDSA,VVPS,0.0
KO*,VVPS,0.0
DNEGS,VVPS,0.0
DPOSGEN,VVPS,0.0
VMINF,VVPS,0.0
ADJN<VVPP,VVPS,0.0
DIS,VVPS,0.0
AVW,VVPS,0.0
DGS,VVPS,0.0
DPDS,VVPS,0.0
PTKANT,VVPS,0.0
VKPP,VVPS,0.0
VAPP,VVPS,0.0
AVNEG,VVPS,0.0
DGA,VVPS,0.0
DRELA,VVPS,0.0
APPO,VVPS,0.0
DRELA,VMFIN.konj,0.0
APPO,VMFIN.konj,0.0
ADJN,VMFIN.konj,0.0
AVREL,DDSA,0.0
APPO,VKFIN.konj,0.0
VKFIN.konj,VMINF,0.0
ADJN,VKFIN.konj,0.0
VKFIN.konj,VVIMP,0.0
PNEG,VKFIN.konj,0.0
PAVREL,VKFIN.konj,0.0
PTKVZ,VKFIN.konj,0.0
VKFIN.konj,VVPS,0.0
AVREL,DDD,0.0
AVREL,DGN,0.0
AVREL,DPOSN,0.0
AVREL,VAFIN,0.0
AVREL,KO*,0.0
VMFIN.konj,VVIMP,0.0
AVREL,DNEGS,0.0
AVREL,DDN,0.0
AVREL,DPOSGEN,0.0
ADJN<VVPP,AVREL,0.0
AVREL,DIS,0.0
ADJA<VVPP,AVREL,0.0
ADJA<VVPS,AVREL,0.0
AVREL,DGS,0.0
AVREL,VKPS,0.0
AVREL,DPDS,0.0
AVREL,PTKANT,0.0
AVREL,VKPP,0.0
DRELA,VKFIN.konj,0.0
DGA,VKFIN.konj,0.0
AVNEG,VKFIN.konj,0.0
VAPP,VKFIN.konj,0.0
PNEG,VMFIN.konj,0.0
VKINF,VMFIN.konj,0.0
PAVREL,VMFIN.konj,0.0
VMFIN.konj,VVPS,0.0
DDD,VKFIN.konj,0.0
DGN,VKFIN.konj,0.0
DPOSN,VKFIN.konj,0.0
PTKREL,VKFIN.konj,0.0
PAVG,VKFIN.konj,0.0
AVG,VKFIN.konj,0.0
VAFIN,VKFIN.konj,0.0
DDSA,VKFIN.konj,0.0
KO*,VKFIN.konj,0.0
DNEGS,VKFIN.konj,0.0
DDN,VKFIN.konj,0.0
DPOSGEN,VKFIN.konj,0.0
ADJN<VVPP,VKFIN.konj,0.0
DIS,VKFIN.konj,0.0
ADJA<VVPP,VKFIN.konj,0.0
AVW,VKFIN.konj,0.0
ADJA<VVPS,VKFIN.konj,0.0
DGS,VKFIN.konj,0.0
VKFIN.konj,VKPS,0.0
DPDS,VKFIN.konj,0.0
PTKANT,VKFIN.konj,0.0
DGA,VVFIN.konj,0.0
VAPP,VVFIN.konj,0.0
DPDS,VKINF,0.0
KO*,PAVREL,0.0
DRELA,VAFIN.konj,0.0
APPO,VAFIN.konj,0.0
VAFIN.konj,VMINF,0.0
ADJN,VAFIN.konj,0.0
VAFIN.konj,VVIMP,0.0
PNEG,VAFIN.konj,0.0
DDD,PAVREL,0.0
DGN,PAVREL,0.0
DPOSN,PAVREL,0.0
PAVREL,PTKREL,0.0
PAVREL,VAFIN,0.0
DDSA,PAVREL,0.0
DNEGS,PAVREL,0.0
AVNEG,VAFIN.konj,0.0
DDN,PAVREL,0.0
DPOSGEN,PAVREL,0.0
ADJN<VVPP,PAVREL,0.0
DIS,PAVREL,0.0
ADJA<VVPP,PAVREL,0.0
ADJA<VVPS,PAVREL,0.0
DGS,PAVREL,0.0
PAVREL,VKPS,0.0
DPDS,PAVREL,0.0
PAVREL,PTKANT,0.0
PAVREL,VKPP,0.0
PAVREL,VAPP,0.0
DGA,VAFIN.konj,0.0
VAFIN.konj,VAPP,0.0
PTKANT,VVFIN.konj,0.0
DDSA,VAFIN.konj,0.0
AVNEG,VKINF,0.0
DGA,VKINF,0.0
DRELA,VKINF,0.0
APPO,VKINF,0.0
ADJN,VKINF,0.0
VKINF,VVIMP,0.0
PNEG,VKINF,0.0
DDD,VAFIN.konj,0.0
DGN,VAFIN.konj,0.0
PTKREL,VAFIN.konj,0.0
PAVG,VAFIN.konj,0.0
AVG,VAFIN.konj,0.0
KO*,VAFIN.konj,0.0
VAFIN.konj,VKPP,0.0
DNEGS,VAFIN.konj,0.0
DDN,VAFIN.konj,0.0
DPOSGEN,VAFIN.konj,0.0
ADJN<VVPP,VAFIN.konj,0.0
DIS,VAFIN.konj,0.0
ADJA<VVPP,VAFIN.konj,0.0
AVW,VAFIN.konj,0.0
ADJA<VVPS,VAFIN.konj,0.0
DGS,VAFIN.konj,0.0
VAFIN.konj,VKPS,0.0
DPDS,VAFIN.konj,0.0
PTKANT,VAFIN.konj,0.0
AVNEG,PAVREL,0.0
DGA,PAVREL,0.0
DRELA,PAVREL,0.0
PAVG,VVFIN.konj,0.0
DGA,PTKVZ,0.0
DRELA,PTKVZ,0.0
ADJN,PTKVZ,0.0
PTKVZ,VVIMP,0.0
PNEG,PTKVZ,0.0
PTKVZ,VKINF,0.0
PTKVZ,VAFIN.konj,0.0
PAVREL,PTKVZ,0.0
DDD,VVFIN.konj,0.0
DGN,VVFIN.konj,0.0
DPOSN,VVFIN.konj,0.0
PTKREL,VVFIN.konj,0.0
AVG,VVFIN.konj,0.0
APPO,PAVREL,0.0
DDSA,VVFIN.konj,0.0
KO*,VVFIN.konj,0.0
DNEGS,VVFIN.konj,0.0
DDN,VVFIN.konj,0.0
DPOSGEN,VVFIN.konj,0.0
ADJN<VVPP,VVFIN.konj,0.0
DIS,VVFIN.konj,0.0
AVW,VVFIN.konj,0.0
ADJA<VVPS,VVFIN.konj,0.0
DGS,VVFIN.konj,0.0
VKPS,VVFIN.konj,0.0
DPDS,VVFIN.konj,0.0
AVNEG,PTKVZ,0.0
PTKVZ,VAPP,0.0
PTKVZ,VKPP,0.0
PTKANT,PTKVZ,0.0
PAVREL,VMINF,0.0
ADJN,PAVREL,0.0
PAVREL,VVIMP,0.0
PAVREL,VAINF,0.0
PAVREL,PNEG,0.0
PAVREL,VKINF,0.0
PAVREL,VAFIN.konj,0.0
DDD,PTKVZ,0.0
DGN,PTKVZ,0.0
DPOSN,PTKVZ,0.0
PTKREL,PTKVZ,0.0
PAVG,PTKVZ,0.0
AVG,PTKVZ,0.0
PTKVZ,VAFIN,0.0
DDSA,PTKVZ,0.0
KO*,PTKVZ,0.0
DNEGS,PTKVZ,0.0
DDN,PTKVZ,0.0
DPOSGEN,PTKVZ,0.0
ADJN<VVPP,PTKVZ,0.0
AVW,PTKVZ,0.0
ADJA<VVPS,PTKVZ,0.0
DGS,PTKVZ,0.0
PTKVZ,VKPS,0.0
DPDS,PTKVZ,0.0
AVREL,VAPP,0.0
AVNEG,AVREL,0.0
AVREL,DGA,0.0
PAVG,PKOR,0.0
DPOSD,PAVREL,0.0
DPOSD,PTKVZ,0.0
DPOSD,VVPS,0.0
DPOSD,VMFIN.konj,0.0
DPOSD,VKFIN.konj,0.0
AVREL,DPOSD,0.0
DPOSD,KOKOM,0.0
DPOSD,PRF,0.0
DID,DPOSD,0.0
DGN,PKOR,0.0
DPOSN,PKOR,0.0
PKOR,PTKREL,0.0
AVG,PKOR,0.0
DPOSD,VVIMP,0.0
PKOR,VAFIN,0.0
DNEGS,PKOR,0.0
DDN,PKOR,0.0
DPOSGEN,PKOR,0.0
ADJN<VVPP,PKOR,0.0
DIS,PKOR,0.0
ADJA<VVPP,PKOR,0.0
AVW,PKOR,0.0
ADJA<VVPS,PKOR,0.0
DGS,PKOR,0.0
PKOR,VKPS,0.0
PKOR,PTKANT,0.0
DPOSD,PNEG,0.0
ADJN,DPOSD,0.0
APPO,AVREL,0.0
ADJN<VVPP,DPOSD,0.0
DID,PRF,0.0
DDD,DPOSD,0.0
DGN,DPOSD,0.0
DPOSD,PTKREL,0.0
DPOSD,PAVG,0.0
AVG,DPOSD,0.0
DPOSD,VAFIN,0.0
DDSA,DPOSD,0.0
DPOSD,KO*,0.0
DNEGS,DPOSD,0.0
DDN,DPOSD,0.0
DPOSD,DPOSGEN,0.0
DIS,DPOSD,0.0
APPO,DPOSD,0.0
ADJA<VVPP,DPOSD,0.0
AVW,DPOSD,0.0
ADJA<VVPS,DPOSD,0.0
DGS,DPOSD,0.0
DPOSD,VKPS,0.0
DPDS,DPOSD,0.0
DPOSD,PTKANT,0.0
DPOSD,VKPP,0.0
DPOSD,VAPP,0.0
AVNEG,DPOSD,0.0
DGA,DPOSD,0.0
DPOSD,DRELA,0.0
PKOR,VKPP,0.0
PKOR,VAPP,0.0
AVNEG,PKOR,0.0
ADJN,DPOSS,0.0
AVW,DPOSS,0.0
ADJA<VVPS,DPOSS,0.0
DGS,DPOSS,0.0
DPOSS,VKPS,0.0
DPDS,DPOSS,0.0
DPOSS,PTKANT,0.0
DPOSS,VKPP,0.0
DPOSS,VAPP,0.0
AVNEG,DPOSS,0.0
DGA,DPOSS,0.0
DPOSS,DRELA,0.0
APPO,DPOSS,0.0
DPOSS,VVIMP,0.0
DGA,PKOR,0.0
DPOSS,PNEG,0.0
DPOSS,PAVREL,0.0
DPOSS,VVPS,0.0
DPOSS,VMFIN.konj,0.0
DPOSS,VKFIN.konj,0.0
DPOSS,KOKOM,0.0
DPOSS,PRF,0.0
DID,DPOSS,0.0
DDD,PTKZU,0.0
DGN,PTKZU,0.0
DPOSN,PTKZU,0.0
PTKREL,PTKZU,0.0
ADJA<VVPP,DPOSS,0.0
DIS,DPOSS,0.0
ADJN<VVPP,DPOSS,0.0
DDN,DPOSS,0.0
APPO,PKOR,0.0
PKOR,VMINF,0.0
ADJN,PKOR,0.0
PKOR,VVIMP,0.0
PKOR,VAINF,0.0
PKOR,PNEG,0.0
PKOR,VKINF,0.0
PKOR,VAFIN.konj,0.0
PAVREL,PKOR,0.0
PKOR,PTKVZ,0.0
PKOR,VVPS,0.0
PKOR,VMFIN.konj,0.0
PKOR,VKFIN.konj,0.0
PKOR,PRF,0.0
DID,PKOR,0.0
DPOSD,PKOR,0.0
DDD,DPOSS,0.0
DGN,DPOSS,0.0
DPOSS,PTKREL,0.0
DPOSS,PAVG,0.0
AVG,DPOSS,0.0
DPOSS,VAFIN,0.0
DDSA,DPOSS,0.0
DPOSS,KO*,0.0
DNEGS,DPOSS,0.0
DID,KOKOM,0.0
AVREL,DID,0.0
DID,VKFIN.konj,0.0
DPOSN,PRF,0.0
KOKOM,VAINF,0.0
KOKOM,PNEG,0.0
KOKOM,VKINF,0.0
KOKOM,VAFIN.konj,0.0
KOKOM,PAVREL,0.0
KOKOM,PTKVZ,0.0
KOKOM,VVFIN.konj,0.0
KOKOM,VVPS,0.0
KOKOM,VMFIN.konj,0.0
KOKOM,VKFIN.konj,0.0
DDD,PRF,0.0
DGN,PRF,0.0
PRF,PTKREL,0.0
DPDS,PRF,0.0
PAVG,PRF,0.0
AVG,PRF,0.0
PRF,VAFIN,0.0
DDSA,PRF,0.0
KO*,PRF,0.0
DNEGS,PRF,0.0
DDN,PRF,0.0
DPOSGEN,PRF,0.0
ADJN<VVPP,PRF,0.0
AVW,PRF,0.0
ADJA<VVPS,PRF,0.0
DGS,PRF,0.0
ADJN,KOKOM,0.0
KOKOM,VMINF,0.0
APPO,KOKOM,0.0
DGA,KOKOM,0.0
AVREL,VMINF,0.0
AVREL,VAINF,0.0
AVREL,PNEG,0.0
AVREL,VKINF,0.0
AVREL,VMFIN.konj,0.0
AVREL,VKFIN.konj,0.0
DDD,KOKOM,0.0
DGN,KOKOM,0.0
DPOSN,KOKOM,0.0
KOKOM,PAVG,0.0
AVG,KOKOM,0.0
KOKOM,VAFIN,0.0
DDSA,KOKOM,0.0
DNEGS,KOKOM,0.0
DDN,KOKOM,0.0
DPOSGEN,KOKOM,0.0
ADJN<VVPP,KOKOM,0.0
ADJA<VVPP,KOKOM,0.0
ADJA<VVPS,KOKOM,0.0
DGS,KOKOM,0.0
KOKOM,VKPS,0.0
DPDS,KOKOM,0.0
KOKOM,PTKANT,0.0
KOKOM,VKPP,0.0
KOKOM,VAPP,0.0
PRF,VKPS,0.0
PRF,PTKANT,0.0
DID,VMFIN.konj,0.0
AVNEG,DID,0.0
DDN,DID,0.0
DID,DPOSGEN,0.0
ADJN<VVPP,DID,0.0
ADJA<VVPP,DID,0.0
AVW,DID,0.0
ADJA<VVPS,DID,0.0
DGS,DID,0.0
DID,VKPS,0.0
DID,DPDS,0.0
DID,PTKANT,0.0
DID,VKPP,0.0
DID,VAPP,0.0
DID,DRELA,0.0
PRF,VKPP,0.0
APPO,DID,0.0
DID,VMINF,0.0
ADJN,DID,0.0
DID,VVIMP,0.0
DID,VAINF,0.0
DID,PNEG,0.0
DID,VKINF,0.0
DID,VAFIN.konj,0.0
DID,PAVREL,0.0
DID,PTKVZ,0.0
DID,VVFIN.konj,0.0
DID,VVPS,0.0
DID,DNEGS,0.0
DID,KO*,0.0
DDSA,DID,0.0
DID,VAFIN,0.0
PRF,VAPP,0.0
AVNEG,PRF,0.0
DGA,PRF,0.0
DRELA,PRF,0.0
APPO,PRF,0.0
PRF,VMINF,0.0
ADJN,PRF,0.0
PRF,VVIMP,0.0
PRF,VAINF,0.0
PNEG,PRF,0.0
PRF,VKINF,0.0
PRF,VAFIN.konj,0.0
PAVREL,PRF,0.0
PRF,VVFIN.konj,0.0
PRF,VVPS,0.0
PRF,VMFIN.konj,0.0
PRF,VKFIN.konj,0.0
AVREL,PRF,0.0
KOKOM,PRF,0.0
DDD,DID,0.0
DGN,DID,0.0
DID,DPOSN,0.0
DID,PTKREL,0.0
DID,PAVG,0.0
AVG,DID,0.0
PTKANT,VKINF,0.0
VKINF,VKPS,0.0
AVG,PTKZU,0.0
DPDS,PTKREL,0.0
DNEGS,VKPS,0.0
DDN,VKPS,0.0
DPOSGEN,VKPS,0.0
ADJN<VVPP,VKPS,0.0
DIS,VKPS,0.0
ADJA<VVPP,VKPS,0.0
AVW,VKPS,0.0
ADJA<VVPS,VKPS,0.0
DGS,VKPS,0.0
DDD,DPDS,0.0
DGN,DPDS,0.0
DPDS,DPOSN,0.0
DPDS,PAVG,0.0
DDSA,VKPS,0.0
AVG,DPDS,0.0
DPDS,VAFIN,0.0
DDSA,DPDS,0.0
DPDS,KO*,0.0
DNEGS,DPDS,0.0
DDN,DPDS,0.0
DPDS,DPOSGEN,0.0
ADJN<VVPP,DPDS,0.0
DIS,DPDS,0.0
ADJA<VVPP,DPDS,0.0
AVW,DPDS,0.0
ADJA<VVPS,DPDS,0.0
KO*,VKPS,0.0
VAFIN,VKPS,0.0
ADJA<VVPS,DDSA,0.0
DDSA,DGS,0.0
ADJA<VVPS,DNEGS,0.0
ADJA<VVPS,DDN,0.0
ADJA<VVPS,DPOSGEN,0.0
ADJA<VVPS,ADJN<VVPP,0.0
ADJA<VVPS,DIS,0.0
ADJA<VVPS,AVW,0.0
DDD,DGS,0.0
DGS,DPOSN,0.0
DGS,PTKREL,0.0
DGS,PAVG,0.0
AVG,DGS,0.0
DGS,VAFIN,0.0
DGS,KO*,0.0
AVG,VKPS,0.0
DGS,DNEGS,0.0
DDN,DGS,0.0
DGS,DPOSGEN,0.0
ADJN<VVPP,DGS,0.0
ADJA<VVPP,DGS,0.0
AVW,DGS,0.0
ADJA<VVPS,DGS,0.0
DDD,VKPS,0.0
DGN,VKPS,0.0
DPOSN,VKPS,0.0
PTKREL,VKPS,0.0
PAVG,VKPS,0.0
DGS,DPDS,0.0
DPDS,VKPS,0.0
DDD,PTKANT,0.0
PTKREL,VAPP,0.0
ADJN<VVPP,VKPP,0.0
DIS,VKPP,0.0
ADJA<VVPP,VKPP,0.0
AVW,VKPP,0.0
ADJA<VVPS,VKPP,0.0
DGS,VKPP,0.0
VKPP,VKPS,0.0
DPDS,VKPP,0.0
PTKANT,VKPP,0.0
DDD,VAPP,0.0
DGN,VAPP,0.0
DPOSN,VAPP,0.0
PAVG,VAPP,0.0
DGN,PTKANT,0.0
AVG,VAPP,0.0
VAFIN,VAPP,0.0
DDSA,VAPP,0.0
KO*,VAPP,0.0
DNEGS,VAPP,0.0
DDN,VAPP,0.0
DPOSGEN,VAPP,0.0
ADJN<VVPP,VAPP,0.0
DIS,VAPP,0.0
ADJA<VVPP,VAPP,0.0
AVW,VAPP,0.0
ADJA<VVPS,VAPP,0.0
DPOSGEN,VKPP,0.0
DDN,VKPP,0.0
DNEGS,VKPP,0.0
KO*,VKPP,0.0
DPOSN,PTKANT,0.0
PTKANT,PTKREL,0.0
PAVG,PTKANT,0.0
AVG,PTKANT,0.0
PTKANT,VAFIN,0.0
DDSA,PTKANT,0.0
KO*,PTKANT,0.0
DDN,PTKANT,0.0
DPOSGEN,PTKANT,0.0
ADJN<VVPP,PTKANT,0.0
DIS,PTKANT,0.0
ADJA<VVPP,PTKANT,0.0
AVW,PTKANT,0.0
ADJA<VVPS,PTKANT,0.0
DGS,PTKANT,0.0
PTKANT,VKPS,0.0
DPDS,PTKANT,0.0
DDD,VKPP,0.0
DGN,VKPP,0.0
DPOSN,VKPP,0.0
PTKREL,VKPP,0.0
PAVG,VKPP,0.0
AVG,VKPP,0.0
VAFIN,VKPP,0.0
DDSA,VKPP,0.0
ADJA<VVPS,KO*,0.0
ADJA<VVPS,VAFIN,0.0
DGS,VKINF,0.0
DDN,DGN,0.0
KO*,VAFIN,0.0
DDSA,KO*,0.0
DDD,DNEGS,0.0
DGN,DNEGS,0.0
DNEGS,DPOSN,0.0
DNEGS,PTKREL,0.0
DNEGS,PAVG,0.0
AVG,DNEGS,0.0
DNEGS,VAFIN,0.0
DDSA,DNEGS,0.0
DNEGS,KO*,0.0
DDD,DDN,0.0
DDN,DPOSN,0.0
KO*,PAVG,0.0
DDN,PTKREL,0.0
DDN,PAVG,0.0
AVG,DDN,0.0
DDN,VAFIN,0.0
DDN,DDSA,0.0
DDN,KO*,0.0
DDN,DNEGS,0.0
DDD,DPOSGEN,0.0
DGN,DPOSGEN,0.0
DPOSGEN,DPOSN,0.0
DPOSGEN,PTKREL,0.0
DPOSGEN,PAVG,0.0
AVG,KO*,0.0
KO*,PTKREL,0.0
ADJA<VVPS,AVG,0.0
DDD,VAFIN,0.0
DGN,DPOSN,0.0
DDD,PTKREL,0.0
DGN,PTKREL,0.0
DPOSN,PTKREL,0.0
DDD,PAVG,0.0
DGN,PAVG,0.0
DPOSN,PAVG,0.0
PAVG,PTKREL,0.0
AVG,DDD,0.0
AVG,DGN,0.0
AVG,DPOSN,0.0
AVG,PTKREL,0.0
DGN,VAFIN,0.0
DPOSN,KO*,0.0
DPOSN,VAFIN,0.0
PTKREL,VAFIN,0.0
PAVG,VAFIN,0.0
AVG,VAFIN,0.0
DDSA,DGN,0.0
DDSA,DPOSN,0.0
DDSA,PTKREL,0.0
DDSA,PAVG,0.0
AVG,DDSA,0.0
DDSA,VAFIN,0.0
DDD,KO*,0.0
DGN,KO*,0.0
AVG,DPOSGEN,0.0
DPOSGEN,VAFIN,0.0
DDSA,DPOSGEN,0.0
AVW,VAFIN,0.0
ADJA<VVPP,PAVG,0.0
ADJA<VVPP,AVG,0.0
ADJA<VVPP,VAFIN,0.0
ADJA<VVPP,DDSA,0.0
ADJA<VVPP,KO*,0.0
ADJA<VVPP,DNEGS,0.0
ADJA<VVPP,DDN,0.0
ADJA<VVPP,DPOSGEN,0.0
AVW,DDD,0.0
AVW,DGN,0.0
AVW,DPOSN,0.0
AVW,PTKREL,0.0
AVW,DDSA,0.0
DPOSGEN,KO*,0.0
AVW,KO*,0.0
AVW,DNEGS,0.0
AVW,DDN,0.0
AVW,DPOSGEN,0.0
ADJN<VVPP,AVW,0.0
AVW,DIS,0.0
ADJA<VVPP,AVW,0.0
ADJA<VVPS,DDD,0.0
ADJA<VVPS,DGN,0.0
ADJA<VVPS,DPOSN,0.0
ADJA<VVPS,PTKREL,0.0
ADJA<VVPS,PAVG,0.0
ADJA<VVPP,PTKREL,0.0
ADJA<VVPP,DPOSN,0.0
ADJA<VVPP,DGN,0.0
ADJA<VVPP,DDD,0.0
DNEGS,DPOSGEN,0.0
DDN,DPOSGEN,0.0
ADJN<VVPP,DDD,0.0
ADJN<VVPP,DGN,0.0
ADJN<VVPP,DPOSN,0.0
ADJN<VVPP,PTKREL,0.0
ADJN<VVPP,PAVG,0.0
ADJN<VVPP,AVG,0.0
ADJN<VVPP,VAFIN,0.0
ADJN<VVPP,DDSA,0.0
ADJN<VVPP,KO*,0.0
ADJN<VVPP,DNEGS,0.0
ADJN<VVPP,DDN,0.0
ADJN<VVPP,DPOSGEN,0.0
DDD,DIS,0.0
DIS,DPOSN,0.0
DIS,PTKREL,0.0
DIS,PAVG,0.0
AVG,DIS,0.0
DIS,VAFIN,0.0
DDSA,DIS,0.0
DIS,KO*,0.0
DIS,DNEGS,0.0
DIS,DPOSGEN,0.0
ADJN<VVPP,DIS,0.0
DGS,VAPP,0.0
VAPP,VKPS,0.0
DPDS,VAPP,0.0
AVNEG,VVIMP,0.0
DDN,VVIMP,0.0
DPOSGEN,VVIMP,0.0
ADJN<VVPP,VVIMP,0.0
DIS,VVIMP,0.0
AVW,VVIMP,0.0
ADJA<VVPS,VVIMP,0.0
DGS,VVIMP,0.0
VKPS,VVIMP,0.0
DPDS,VVIMP,0.0
PTKANT,VVIMP,0.0
VKPP,VVIMP,0.0
VAPP,VVIMP,0.0
DGA,VVIMP,0.0
KO*,VVIMP,0.0
DRELA,VVIMP,0.0
APPO,VVIMP,0.0
DDD,VAINF,0.0
DGN,VAINF,0.0
PTKREL,VAINF,0.0
PAVG,VAINF,0.0
AVG,VAINF,0.0
DDSA,VAINF,0.0
KO*,VAINF,0.0
DNEGS,VAINF,0.0
DDN,VAINF,0.0
DPOSGEN,VAINF,0.0
DNEGS,VVIMP,0.0
DDSA,VVIMP,0.0
PTKANT,VAPP,0.0
ADJN,VKPS,0.0
ADJN,PAVG,0.0
ADJN,AVG,0.0
ADJN,VAFIN,0.0
ADJN,DDSA,0.0
ADJN,KO*,0.0
ADJN,DNEGS,0.0
ADJN,DPOSGEN,0.0
ADJN,ADJN<VVPP,0.0
ADJN,DIS,0.0
ADJN,AVW,0.0
ADJA<VVPS,ADJN,0.0
ADJN,DGS,0.0
ADJN,DPDS,0.0
VAFIN,VVIMP,0.0
ADJN,PTKANT,0.0
ADJN,VKPP,0.0
ADJN,VAPP,0.0
ADJN,AVNEG,0.0
ADJN,DGA,0.0
ADJN,DRELA,0.0
ADJN,VMINF,0.0
DDD,VVIMP,0.0
DGN,VVIMP,0.0
DPOSN,VVIMP,0.0
PAVG,VVIMP,0.0
AVG,VVIMP,0.0
ADJN<VVPP,VAINF,0.0
DIS,VAINF,0.0
AVW,VAINF,0.0
PTKREL,VKINF,0.0
DPDS,PNEG,0.0
PNEG,VKPP,0.0
PNEG,VAPP,0.0
DGA,PNEG,0.0
DRELA,PNEG,0.0
APPO,PNEG,0.0
PNEG,VMINF,0.0
ADJN,PNEG,0.0
PNEG,VVIMP,0.0
PNEG,VAINF,0.0
DDD,VKINF,0.0
DGN,VKINF,0.0
PAVG,VKINF,0.0
ADJA<VVPS,VAINF,0.0
AVG,VKINF,0.0
VAFIN,VKINF,0.0
DDSA,VKINF,0.0
KO*,VKINF,0.0
DNEGS,VKINF,0.0
DDN,VKINF,0.0
DPOSGEN,VKINF,0.0
ADJN<VVPP,VKINF,0.0
DIS,VKINF,0.0
ADJA<VVPP,VKINF,0.0
AVW,VKINF,0.0
ADJA<VVPS,VKINF,0.0
PNEG,VKPS,0.0
DGS,PNEG,0.0
ADJA<VVPS,PNEG,0.0
AVW,PNEG,0.0
DGS,VAINF,0.0
VAINF,VKPS,0.0
DPDS,VAINF,0.0
PTKANT,VAINF,0.0
VAINF,VAPP,0.0
AVNEG,VAINF,0.0
DGA,VAINF,0.0
DRELA,VAINF,0.0
APPO,VAINF,0.0
ADJN,VAINF,0.0
VAINF,VVIMP,0.0
DDD,PNEG,0.0
DGN,PNEG,0.0
DPOSN,PNEG,0.0
PNEG,PTKREL,0.0
PAVG,PNEG,0.0
AVG,PNEG,0.0
PNEG,VAFIN,0.0
DDSA,PNEG,0.0
KO*,PNEG,0.0
DDN,PNEG,0.0
DPOSGEN,PNEG,0.0
ADJN<VVPP,PNEG,0.0
DIS,PNEG,0.0
ADJA<VVPP,PNEG,0.0
ADJN,PTKREL,0.0
ADJN,DPOSN,0.0
ADJN,DGN,0.0
DGA,VAPP,0.0
DGA,KO*,0.0
DGA,DNEGS,0.0
DDN,DGA,0.0
DGA,DPOSGEN,0.0
ADJN<VVPP,DGA,0.0
ADJA<VVPP,DGA,0.0
AVW,DGA,0.0
ADJA<VVPS,DGA,0.0
DGA,VKPS,0.0
DGA,DPDS,0.0
DGA,PTKANT,0.0
DGA,VKPP,0.0
AVNEG,DGA,0.0
DRELA,VKPS,0.0
DDD,DRELA,0.0
DPOSN,DRELA,0.0
DRELA,PTKREL,0.0
DRELA,PAVG,0.0
DRELA,VAFIN,0.0
DDSA,DRELA,0.0
DRELA,KO*,0.0
DNEGS,DRELA,0.0
DDN,DRELA,0.0
DPOSGEN,DRELA,0.0
ADJN<VVPP,DRELA,0.0
ADJA<VVPP,DRELA,0.0
DDSA,DGA,0.0
DGA,VAFIN,0.0
AVG,DGA,0.0
DGA,PAVG,0.0
AVNEG,DDD,0.0
AVNEG,DGN,0.0
AVNEG,DPOSN,0.0
AVNEG,PTKREL,0.0
AVNEG,PAVG,0.0
AVG,AVNEG,0.0
AVNEG,VAFIN,0.0
AVNEG,DDSA,0.0
AVNEG,KO*,0.0
AVNEG,DNEGS,0.0
AVNEG,DDN,0.0
AVNEG,DPOSGEN,0.0
ADJN<VVPP,AVNEG,0.0
ADJA<VVPP,AVNEG,0.0
AVNEG,AVW,0.0
ADJA<VVPS,AVNEG,0.0
AVNEG,DGS,0.0
AVNEG,VKPS,0.0
AVNEG,DPDS,0.0
AVNEG,PTKANT,0.0
AVNEG,VKPP,0.0
AVNEG,VAPP,0.0
DDD,DGA,0.0
DGA,DPOSN,0.0
DGA,PTKREL,0.0
ADJA<VVPS,DRELA,0.0
DPDS,DRELA,0.0
ADJN,DDD,0.0
ADJN<VVPP,VMINF,0.0
DDD,VMINF,0.0
DGN,VMINF,0.0
DPOSN,VMINF,0.0
PTKREL,VMINF,0.0
PAVG,VMINF,0.0
AVG,VMINF,0.0
VAFIN,VMINF,0.0
DDSA,VMINF,0.0
KO*,VMINF,0.0
DNEGS,VMINF,0.0
DDN,VMINF,0.0
DPOSGEN,VMINF,0.0
DIS,VMINF,0.0
DRELA,PTKANT,0.0
AVW,VMINF,0.0
ADJA<VVPS,VMINF,0.0
DGS,VMINF,0.0
VKPS,VMINF,0.0
DPDS,VMINF,0.0
PTKANT,VMINF,0.0
VKPP,VMINF,0.0
VAPP,VMINF,0.0
AVNEG,VMINF,0.0
DGA,VMINF,0.0
DRELA,VMINF,0.0
APPO,VMINF,0.0
APPO,DRELA,0.0
APPO,DGA,0.0
APPO,AVNEG,0.0
APPO,VAPP,0.0
DRELA,VKPP,0.0
DRELA,VAPP,0.0
AVNEG,DRELA,0.0
APPO,DDD,0.0
APPO,DGN,0.0
APPO,DPOSN,0.0
APPO,PTKREL,0.0
APPO,PAVG,0.0
APPO,AVG,0.0
APPO,VAFIN,0.0
APPO,DDSA,0.0
APPO,KO*,0.0
APPO,DNEGS,0.0
APPO,DDN,0.0
APPO,DPOSGEN,0.0
ADJN<VVPP,APPO,0.0
APPO,DIS,0.0
ADJA<VVPP,APPO,0.0
APPO,AVW,0.0
ADJA<VVPS,APPO,0.0
APPO,DGS,0.0
APPO,VKPS,0.0
APPO,DPDS,0.0
APPO,PTKANT,0.0
APPO,VKPP,0.0
PAVG,PTKZU,0.0
PTKZU,VAFIN,0.0
DDS,VAINF,0.0
CARDA,DRELA,0.0
CARDA,DPOSGEN,0.0
ADJN<VVPP,CARDA,0.0
ADJA<VVPP,CARDA,0.0
AVW,CARDA,0.0
ADJA<VVPS,CARDA,0.0
CARDA,DGS,0.0
CARDA,VKPS,0.0
CARDA,DPDS,0.0
CARDA,PTKANT,0.0
CARDA,VKPP,0.0
CARDA,VAPP,0.0
AVNEG,CARDA,0.0
APPO,CARDA,0.0
CARDA,DNEGS,0.0
CARDA,VMINF,0.0
ADJN,CARDA,0.0
CARDA,VVIMP,0.0
CARDA,VAINF,0.0
CARDA,VKINF,0.0
CARDA,VAFIN.konj,0.0
CARDA,PAVREL,0.0
CARDA,VVPS,0.0
CARDA,VMFIN.konj,0.0
AVREL,CARDA,0.0
CARDA,PRF,0.0
CARDA,DID,0.0
CARDA,DDN,0.0
CARDA,KO*,0.0
DDA,PTKVZ,0.0
ADJV,DDA,0.0
DDA,VVPS,0.0
DDA,VMFIN.konj,0.0
DDA,VKFIN.konj,0.0
DDA,KOKOM,0.0
DDA,PRF,0.0
DDA,DID,0.0
DDA,DPOSD,0.0
DDA,DPOSS,0.0
DDA,PTKZU,0.0
DDA,XY,0.0
DDA,VKFIN.*,0.0
DDA,DIN,0.0
DDA,PTKNEG,0.0
CARDA,DDSA,0.0
ADJS,DDA,0.0
DDA,DWS,0.0
DDA,PTKG,0.0
CARDS,DDA,0.0
CARDN,DDA,0.0
CARDA,DDD,0.0
CARDA,DGN,0.0
CARDA,DPOSN,0.0
CARDA,PTKREL,0.0
CARDA,PAVG,0.0
AVG,CARDA,0.0
CARDA,VAFIN,0.0
CARDA,DPOSD,0.0
CARDA,PTKZU,0.0
CARDA,VKFIN.*,0.0
CARDA,PAVAP,0.0
PAVAP,VMFIN.konj,0.0
PAVAP,VKFIN.konj,0.0
DID,PAVAP,0.0
PAVAP,PKOR,0.0
PAVAP,XY,0.0
PAVAP,VKFIN.*,0.0
DIN,PAVAP,0.0
DWS,PAVAP,0.0
PAVAP,PG,0.0
PAVAP,PTKG,0.0
CARDN,PAVAP,0.0
DDA,PAVAP,0.0
DDD,PAVD,0.0
CARDA,DIN,0.0
DGN,PAVD,0.0
DPOSN,PAVD,0.0
PAVD,PTKREL,0.0
PAVD,VAFIN,0.0
DDSA,PAVD,0.0
DNEGS,PAVD,0.0
DDN,PAVD,0.0
DPOSGEN,PAVD,0.0
ADJN<VVPP,PAVD,0.0
DIS,PAVD,0.0
ADJA<VVPP,PAVD,0.0
ADJA<VVPS,PAVD,0.0
PAVAP,VAFIN.konj,0.0
PAVAP,VKINF,0.0
PAVAP,PNEG,0.0
PAVAP,VAINF,0.0
CARDA,DWS,0.0
CARDA,PG,0.0
CARDA,DDA,0.0
DDD,PAVAP,0.0
DGN,PAVAP,0.0
DPOSN,PAVAP,0.0
PAVAP,PTKREL,0.0
PAVAP,VAFIN,0.0
DDSA,PAVAP,0.0
KO*,PAVAP,0.0
DNEGS,PAVAP,0.0
DDN,PAVAP,0.0
DPOSGEN,PAVAP,0.0
ADJN<VVPP,PAVAP,0.0
ADJA<VVPS,PAVAP,0.0
DGS,PAVAP,0.0
PAVAP,VKPS,0.0
DPDS,PAVAP,0.0
PAVAP,PTKANT,0.0
PAVAP,VKPP,0.0
PAVAP,VAPP,0.0
AVNEG,PAVAP,0.0
DGA,PAVAP,0.0
DRELA,PAVAP,0.0
PAVAP,VMINF,0.0
DDA,VVFIN.konj,0.0
DDA,PAVREL,0.0
CARDS,DGS,0.0
CARDN,DIS,0.0
CARDN,DGN,0.0
CARDN,DPOSN,0.0
CARDN,PTKREL,0.0
CARDN,PAVG,0.0
AVG,CARDN,0.0
CARDN,VAFIN,0.0
CARDN,DDSA,0.0
CARDN,KO*,0.0
CARDN,DNEGS,0.0
CARDN,DDN,0.0
CARDN,DPOSGEN,0.0
ADJN<VVPP,CARDN,0.0
ADJA<VVPP,CARDN,0.0
CARDS,PG,0.0
AVW,CARDN,0.0
ADJA<VVPS,CARDN,0.0
CARDN,DGS,0.0
CARDN,VKPS,0.0
CARDN,DPDS,0.0
CARDN,PTKANT,0.0
CARDN,VKPP,0.0
CARDN,VAPP,0.0
AVNEG,CARDN,0.0
CARDN,DGA,0.0
CARDN,DRELA,0.0
APPO,CARDN,0.0
CARDN,DDD,0.0
CARDS,DWS,0.0
DDA,VAFIN.konj,0.0
CARDS,VKINF,0.0
CARDS,DPDS,0.0
CARDS,PTKANT,0.0
CARDS,VKPP,0.0
CARDS,VAPP,0.0
AVNEG,CARDS,0.0
CARDS,DGA,0.0
CARDS,DRELA,0.0
APPO,CARDS,0.0
CARDS,VMINF,0.0
ADJN,CARDS,0.0
CARDS,VVIMP,0.0
CARDS,VAINF,0.0
CARDS,VAFIN.konj,0.0
CARDS,DIN,0.0
CARDS,PAVREL,0.0
CARDS,VVPS,0.0
CARDS,VMFIN.konj,0.0
AVREL,CARDS,0.0
CARDS,KOKOM,0.0
CARDS,DID,0.0
CARDS,DPOSD,0.0
CARDS,PKOR,0.0
CARDS,DPOSS,0.0
CARDS,PTKZU,0.0
CARDS,XY,0.0
CARDS,VKFIN.*,0.0
CARDN,VMINF,0.0
ADJN,CARDN,0.0
CARDN,VVIMP,0.0
DDA,VKPS,0.0
DDA,PAVG,0.0
AVG,DDA,0.0
DDA,VAFIN,0.0
DDA,DDSA,0.0
DDA,DNEGS,0.0
DDA,DDN,0.0
DDA,DPOSGEN,0.0
ADJN<VVPP,DDA,0.0
DDA,DIS,0.0
AVW,DDA,0.0
ADJA<VVPS,DDA,0.0
DDA,DGS,0.0
DDA,DPDS,0.0
CARDN,VAINF,0.0
DDA,PTKANT,0.0
DDA,VKPP,0.0
DDA,VAPP,0.0
AVNEG,DDA,0.0
DDA,DGA,0.0
APPO,DDA,0.0
DDA,VMINF,0.0
ADJN,DDA,0.0
DDA,VVIMP,0.0
DDA,VAINF,0.0
DDA,PNEG,0.0
DDA,VKINF,0.0
DDA,PTKREL,0.0
DDA,DPOSN,0.0
DDA,DGN,0.0
DDA,DDD,0.0
CARDN,VKINF,0.0
CARDN,VAFIN.konj,0.0
CARDN,PAVREL,0.0
CARDN,PTKVZ,0.0
CARDN,VVFIN.konj,0.0
CARDN,VVPS,0.0
CARDN,VMFIN.konj,0.0
CARDN,VKFIN.konj,0.0
AVREL,CARDN,0.0
CARDN,KOKOM,0.0
CARDN,PRF,0.0
CARDN,DID,0.0
CARDN,DPOSD,0.0
CARDN,PKOR,0.0
CARDN,DPOSS,0.0
CARDN,PTKZU,0.0
CARDN,XY,0.0
CARDN,VKFIN.*,0.0
CARDN,DIN,0.0
CARDN,OA,0.0
CARDN,PTKNEG,0.0
ADJS,CARDN,0.0
CARDN,DWS,0.0
CARDN,PG,0.0
CARDN,PTKG,0.0
DGS,PAVD,0.0
PAVD,VKPS,0.0
DPDS,PAVD,0.0
DIA,PAVREL,0.0
DIA,DPDS,0.0
DIA,PTKANT,0.0
DIA,VKPP,0.0
DIA,VAPP,0.0
APPO,DIA,0.0
DIA,VMINF,0.0
ADJN,DIA,0.0
DIA,VVIMP,0.0
DIA,VAINF,0.0
DIA,PNEG,0.0
DIA,VKINF,0.0
DIA,VAFIN.konj,0.0
DIA,PTKVZ,0.0
ADJA<VVPS,DIA,0.0
DIA,VVPS,0.0
DIA,VMFIN.konj,0.0
DIA,VKFIN.konj,0.0
AVREL,DIA,0.0
DIA,PRF,0.0
DIA,DPOSD,0.0
DIA,PKOR,0.0
DIA,PTKZU,0.0
DIA,XY,0.0
DIA,VKFIN.*,0.0
ADJV,DIA,0.0
DIA,PTKNEG,0.0
DIA,VKPS,0.0
AVW,DIA,0.0
PAVD,PTKANT,0.0
PAVD,VKFIN.ind,0.0
DIN,VKFIN.ind,0.0
ADJV,VKFIN.ind,0.0
PTKNEG,VKFIN.ind,0.0
ADJS,VKFIN.ind,0.0
PI,VKFIN.ind,0.0
DWS,VKFIN.ind,0.0
PTKG,VKFIN.ind,0.0
CARDS,VKFIN.ind,0.0
CARDN,VKFIN.ind,0.0
DDA,VKFIN.ind,0.0
CARDA,VKFIN.ind,0.0
PAVAP,VKFIN.ind,0.0
PTKN,VKFIN.ind,0.0
ADJA<VVPP,DIA,0.0
DDD,DIA,0.0
DGN,DIA,0.0
DIA,DPOSN,0.0
DIA,PTKREL,0.0
DIA,PAVG,0.0
AVG,DIA,0.0
DIA,VAFIN,0.0
DDSA,DIA,0.0
DIA,KO*,0.0
DIA,DNEGS,0.0
DIA,DPOSGEN,0.0
ADJN<VVPP,DIA,0.0
DIA,DWS,0.0
DIA,PTKG,0.0
CARDN,DIA,0.0
ADJN<VVPP,DDS,0.0
ADJD,PG,0.0
ADJD,PTKG,0.0
ADJD,CARDN,0.0
DDS,DGN,0.0
DDS,DPOSN,0.0
DDS,PTKREL,0.0
DDS,PAVG,0.0
AVG,DDS,0.0
DDS,VAFIN,0.0
DDS,DNEGS,0.0
DDN,DDS,0.0
DDS,DPOSGEN,0.0
AVW,DDS,0.0
DIA,PAVD,0.0
ADJA<VVPS,DDS,0.0
DDS,DGS,0.0
DDS,VKPS,0.0
DDS,PTKANT,0.0
DDS,VKPP,0.0
DDS,VAPP,0.0
AVNEG,DDS,0.0
DDS,DGA,0.0
APPO,DDS,0.0
DDS,VMINF,0.0
ADJN,DDS,0.0
DDS,VVIMP,0.0
ADJD,DWS,0.0
ADJD,PTKZU,0.0
ADJD,PKOR,0.0
ADJD,DPOSD,0.0
DIA,VKFIN.ind,0.0
ADJD,DDD,0.0
ADJD,DGN,0.0
ADJD,DPOSN,0.0
ADJD,PTKREL,0.0
ADJD,PAVG,0.0
ADJD,AVG,0.0
ADJD,VAFIN,0.0
ADJD,DDSA,0.0
ADJD,KO*,0.0
ADJD,DNEGS,0.0
ADJD,DPOSGEN,0.0
ADJD,ADJN<VVPP,0.0
ADJD,DGS,0.0
ADJD,VKPS,0.0
ADJD,DPDS,0.0
ADJD,PTKANT,0.0
ADJD,VAPP,0.0
ADJD,DGA,0.0
ADJD,DRELA,0.0
ADJD,VMINF,0.0
ADJD,VAINF,0.0
ADJD,VKINF,0.0
ADJD,VMFIN.konj,0.0
ADJD,DID,0.0
VKFIN.ind,XY,0.0
PTKZU,VKFIN.ind,0.0
PKOR,VKFIN.ind,0.0
DDSA,PTKN,0.0
PAVD,PI,0.0
DWS,PAVD,0.0
PAVD,PTKG,0.0
CARDS,PAVD,0.0
CARDN,PAVD,0.0
CARDA,PAVD,0.0
DDD,PTKN,0.0
DGN,PTKN,0.0
DPOSN,PTKN,0.0
PAVG,PTKN,0.0
AVG,PTKN,0.0
PTKN,VAFIN,0.0
DNEGS,PTKN,0.0
PTKN,VMINF,0.0
DPOSGEN,PTKN,0.0
ADJN<VVPP,PTKN,0.0
ADJA<VVPP,PTKN,0.0
AVW,PTKN,0.0
ADJA<VVPS,PTKN,0.0
DGS,PTKN,0.0
PTKN,VKPS,0.0
DPDS,PTKN,0.0
PTKANT,PTKN,0.0
PTKN,VKPP,0.0
PTKN,VAPP,0.0
DRELA,PTKN,0.0
ADJS,PAVD,0.0
PAVD,PTKNEG,0.0
ADJV,PAVD,0.0
DIN,PAVD,0.0
PAVD,VKPP,0.0
PAVD,VAPP,0.0
AVNEG,PAVD,0.0
DGA,PAVD,0.0
DRELA,PAVD,0.0
APPO,PAVD,0.0
PAVD,VMINF,0.0
ADJN,PAVD,0.0
PAVD,VVIMP,0.0
PAVD,VAINF,0.0
PAVD,PNEG,0.0
PAVD,VKINF,0.0
PAVD,VAFIN.konj,0.0
PAVD,VVFIN.konj,0.0
PAVD,VVPS,0.0
PAVD,VMFIN.konj,0.0
PAVD,VKFIN.konj,0.0
KOKOM,PAVD,0.0
PAVD,PRF,0.0
DID,PAVD,0.0
DPOSD,PAVD,0.0
DPOSS,PAVD,0.0
PAVD,PTKZU,0.0
PAVD,XY,0.0
PAVD,VKFIN.*,0.0
APPO,PTKN,0.0
PTKN,VAINF,0.0
DID,VKFIN.ind,0.0
DGA,VKFIN.ind,0.0
DPOSGEN,VKFIN.ind,0.0
ADJN<VVPP,VKFIN.ind,0.0
DIS,VKFIN.ind,0.0
ADJA<VVPP,VKFIN.ind,0.0
AVW,VKFIN.ind,0.0
ADJA<VVPS,VKFIN.ind,0.0
DGS,VKFIN.ind,0.0
VKFIN.ind,VKPS,0.0
DPDS,VKFIN.ind,0.0
PTKANT,VKFIN.ind,0.0
VAPP,VKFIN.ind,0.0
AVNEG,VKFIN.ind,0.0
DRELA,VKFIN.ind,0.0
PNEG,PTKN,0.0
APPO,VKFIN.ind,0.0
VKFIN.ind,VMINF,0.0
ADJN,VKFIN.ind,0.0
VKFIN.ind,VVIMP,0.0
PNEG,VKFIN.ind,0.0
PAVREL,VKFIN.ind,0.0
PTKVZ,VKFIN.ind,0.0
VKFIN.ind,VVPS,0.0
VKFIN.ind,VMFIN.konj,0.0
AVREL,VKFIN.ind,0.0
KOKOM,VKFIN.ind,0.0
PRF,VKFIN.ind,0.0
DDN,VKFIN.ind,0.0
DNEGS,VKFIN.ind,0.0
KO*,VKFIN.ind,0.0
DDSA,VKFIN.ind,0.0
PTKN,VKINF,0.0
PTKN,VAFIN.konj,0.0
PAVREL,PTKN,0.0
PTKN,VVPS,0.0
PTKN,VMFIN.konj,0.0
PTKN,VKFIN.konj,0.0
PRF,PTKN,0.0
DPOSD,PTKN,0.0
PKOR,PTKN,0.0
DPOSS,PTKN,0.0
PTKN,XY,0.0
PTKN,VKFIN.*,0.0
PTKN,PTKNEG,0.0
DWS,PTKN,0.0
DDD,DPOSN,0.0
CARDN,PTKN,0.0
DDA,PTKN,0.0
CARDA,PTKN,0.0
PAVD,PTKN,0.0
DDD,VKFIN.ind,0.0
DGN,VKFIN.ind,0.0
PTKREL,VKFIN.ind,0.0
PAVG,VKFIN.ind,0.0
AVG,VKFIN.ind,0.0
VAFIN,VKFIN.ind,0.0
CARDS,VKPS,0.0
ADJA<VVPS,CARDS,0.0
DDSA,PTKZU,0.0
ADJV,DPOSN,0.0
DIN,VMFIN.konj,0.0
DIN,VKFIN.konj,0.0
AVREL,DIN,0.0
DIN,PRF,0.0
DIN,DPOSD,0.0
DIN,PKOR,0.0
DIN,DPOSS,0.0
DIN,PTKZU,0.0
DIN,XY,0.0
DIN,VKFIN.*,0.0
ADJV,DDD,0.0
ADJV,DGN,0.0
ADJV,PTKREL,0.0
DIN,VVFIN.konj,0.0
ADJV,PAVG,0.0
ADJV,AVG,0.0
ADJV,VAFIN,0.0
ADJV,DDSA,0.0
ADJV,KO*,0.0
ADJV,DNEGS,0.0
ADJV,DDN,0.0
ADJV,DPOSGEN,0.0
ADJN<VVPP,ADJV,0.0
ADJV,DIS,0.0
ADJA<VVPP,ADJV,0.0
ADJV,AVW,0.0
DIN,VVPS,0.0
DIN,PTKVZ,0.0
VKFIN.*,XY,0.0
ADJA<VVPS,DIN,0.0
DIN,DPOSN,0.0
DIN,PTKREL,0.0
DIN,PAVG,0.0
AVG,DIN,0.0
DIN,VAFIN,0.0
DDSA,DIN,0.0
DIN,KO*,0.0
DIN,DNEGS,0.0
DIN,DPOSGEN,0.0
ADJN<VVPP,DIN,0.0
ADJA<VVPP,DIN,0.0
AVW,DIN,0.0
DIN,VKPS,0.0
DIN,PAVREL,0.0
DIN,DPDS,0.0
DIN,PTKANT,0.0
DIN,VKPP,0.0
DIN,VAPP,0.0
APPO,DIN,0.0
DIN,VMINF,0.0
ADJN,DIN,0.0
DIN,VVIMP,0.0
DIN,VAINF,0.0
DIN,PNEG,0.0
DIN,VKINF,0.0
DIN,VAFIN.konj,0.0
ADJA<VVPS,ADJV,0.0
ADJV,DGS,0.0
ADJV,VKPS,0.0
DDN,PTKNEG,0.0
OA,VVPS,0.0
DID,OA,0.0
DPOSD,OA,0.0
DDD,PTKNEG,0.0
DGN,PTKNEG,0.0
DPOSN,PTKNEG,0.0
PTKNEG,PTKREL,0.0
PAVG,PTKNEG,0.0
AVG,PTKNEG,0.0
PTKNEG,VAFIN,0.0
DDSA,PTKNEG,0.0
KO*,PTKNEG,0.0
DPOSGEN,PTKNEG,0.0
ADJV,DPDS,0.0
ADJN<VVPP,PTKNEG,0.0
AVW,PTKNEG,0.0
ADJA<VVPS,PTKNEG,0.0
DGS,PTKNEG,0.0
PTKNEG,VKPS,0.0
DPDS,PTKNEG,0.0
PTKNEG,VKPP,0.0
PTKNEG,VAPP,0.0
AVNEG,PTKNEG,0.0
DRELA,PTKNEG,0.0
APPO,PTKNEG,0.0
PTKNEG,VMINF,0.0
OA,VKINF,0.0
AVNEG,OA,0.0
OA,VAPP,0.0
OA,VKPP,0.0
ADJV,PTKANT,0.0
ADJV,VKPP,0.0
ADJV,VAPP,0.0
ADJV,DGA,0.0
ADJV,DRELA,0.0
ADJV,VMINF,0.0
ADJV,VKINF,0.0
ADJV,PAVREL,0.0
ADJV,VMFIN.konj,0.0
ADJV,PRF,0.0
ADJV,DID,0.0
ADJV,PKOR,0.0
ADJV,PTKZU,0.0
ADJV,DIN,0.0
DDD,OA,0.0
DGN,OA,0.0
DPOSN,OA,0.0
OA,VAFIN,0.0
DDSA,OA,0.0
DNEGS,OA,0.0
DPOSGEN,OA,0.0
ADJN<VVPP,OA,0.0
ADJA<VVPS,OA,0.0
OA,VKPS,0.0
OA,PTKANT,0.0
DDD,DIN,0.0
PTKZU,VKFIN.*,0.0
AVW,CARDS,0.0
AVG,XY,0.0
AVREL,PTKZU,0.0
KOKOM,PTKZU,0.0
PRF,PTKZU,0.0
DID,PTKZU,0.0
DPOSD,PTKZU,0.0
PKOR,PTKZU,0.0
DPOSS,PTKZU,0.0
DDD,XY,0.0
DGN,XY,0.0
DPOSN,XY,0.0
PTKREL,XY,0.0
PAVG,XY,0.0
VAFIN,XY,0.0
PTKZU,VMFIN.konj,0.0
DDSA,XY,0.0
KO*,XY,0.0
DNEGS,XY,0.0
DDN,XY,0.0
DPOSGEN,XY,0.0
ADJN<VVPP,XY,0.0
DIS,XY,0.0
ADJA<VVPP,XY,0.0
AVW,XY,0.0
ADJA<VVPS,XY,0.0
DGS,XY,0.0
VKPS,XY,0.0
PTKZU,VKFIN.konj,0.0
PTKZU,VVPS,0.0
PKOR,VKFIN.*,0.0
PTKANT,PTKZU,0.0
KO*,PTKZU,0.0
DNEGS,PTKZU,0.0
DDN,PTKZU,0.0
DPOSGEN,PTKZU,0.0
ADJN<VVPP,PTKZU,0.0
DIS,PTKZU,0.0
ADJA<VVPP,PTKZU,0.0
AVW,PTKZU,0.0
ADJA<VVPS,PTKZU,0.0
DGS,PTKZU,0.0
PTKZU,VKPS,0.0
DPDS,PTKZU,0.0
PTKZU,VKPP,0.0
PAVREL,PTKZU,0.0
PTKZU,VAPP,0.0
AVNEG,PTKZU,0.0
DGA,PTKZU,0.0
DRELA,PTKZU,0.0
APPO,PTKZU,0.0
PTKZU,VMINF,0.0
ADJN,PTKZU,0.0
PTKZU,VVIMP,0.0
PTKZU,VAINF,0.0
PNEG,PTKZU,0.0
PTKZU,VKINF,0.0
PTKZU,VAFIN.konj,0.0
DPDS,XY,0.0
PTKANT,XY,0.0
VKPP,XY,0.0
PTKANT,VKFIN.*,0.0
KO*,VKFIN.*,0.0
DNEGS,VKFIN.*,0.0
DDN,VKFIN.*,0.0
DPOSGEN,VKFIN.*,0.0
ADJN<VVPP,VKFIN.*,0.0
DIS,VKFIN.*,0.0
ADJA<VVPP,VKFIN.*,0.0
AVW,VKFIN.*,0.0
ADJA<VVPS,VKFIN.*,0.0
DGS,VKFIN.*,0.0
VKFIN.*,VKPS,0.0
DPDS,VKFIN.*,0.0
AVNEG,VKFIN.*,0.0
VAPP,XY,0.0
DGA,VKFIN.*,0.0
DRELA,VKFIN.*,0.0
APPO,VKFIN.*,0.0
ADJN,VKFIN.*,0.0
VKFIN.*,VVIMP,0.0
PNEG,VKFIN.*,0.0
PAVREL,VKFIN.*,0.0
VKFIN.*,VVPS,0.0
AVREL,VKFIN.*,0.0
KOKOM,VKFIN.*,0.0
PRF,VKFIN.*,0.0
DID,VKFIN.*,0.0
DDSA,VKFIN.*,0.0
VAFIN,VKFIN.*,0.0
AVG,VKFIN.*,0.0
PAVG,VKFIN.*,0.0
AVNEG,XY,0.0
DGA,XY,0.0
DRELA,XY,0.0
APPO,XY,0.0
ADJN,XY,0.0
VVIMP,XY,0.0
VAINF,XY,0.0
PNEG,XY,0.0
VKINF,XY,0.0
VAFIN.konj,XY,0.0
PAVREL,XY,0.0
PTKVZ,XY,0.0
VVPS,XY,0.0
VKFIN.konj,XY,0.0
AVREL,XY,0.0
KOKOM,XY,0.0
PRF,XY,0.0
DID,XY,0.0
DPOSD,XY,0.0
PKOR,XY,0.0
DPOSS,XY,0.0
PTKZU,XY,0.0
DDD,VKFIN.*,0.0
DGN,VKFIN.*,0.0
PTKREL,VKFIN.*,0.0
ADJN,PTKNEG,0.0
PTKNEG,VVIMP,0.0
PTKNEG,VAINF,0.0
PG,PTKVZ,0.0
PG,PTKANT,0.0
PG,VKPP,0.0
PG,VAPP,0.0
AVNEG,PG,0.0
APPO,PG,0.0
PG,VMINF,0.0
ADJN,PG,0.0
PG,VAINF,0.0
PG,PNEG,0.0
PG,VKINF,0.0
PG,VAFIN.konj,0.0
PAVREL,PG,0.0
PG,VVPS,0.0
PG,VKPS,0.0
PG,VMFIN.konj,0.0
PG,VKFIN.konj,0.0
PG,PRF,0.0
DID,PG,0.0
DPOSD,PG,0.0
DPOSS,PG,0.0
PG,PTKZU,0.0
PG,XY,0.0
PG,PTKNEG,0.0
ADJS,PG,0.0
DDD,PTKG,0.0
DGN,PTKG,0.0
DPDS,PG,0.0
ADJA<VVPS,PG,0.0
PTKNEG,VKINF,0.0
DWS,VKFIN.*,0.0
DWS,VVPS,0.0
DWS,VMFIN.konj,0.0
DWS,VKFIN.konj,0.0
AVREL,DWS,0.0
DWS,KOKOM,0.0
DWS,PRF,0.0
DID,DWS,0.0
DPOSD,DWS,0.0
DWS,PKOR,0.0
DPOSS,DWS,0.0
DWS,PTKZU,0.0
DWS,XY,0.0
DIN,DWS,0.0
ADJA<VVPP,PG,0.0
ADJV,DWS,0.0
DWS,OA,0.0
DWS,PTKNEG,0.0
ADJS,DWS,0.0
DPOSN,PG,0.0
PAVG,PG,0.0
AVG,PG,0.0
PG,VAFIN,0.0
DNEGS,PG,0.0
DDN,PG,0.0
DPOSGEN,PG,0.0
ADJN<VVPP,PG,0.0
DPOSN,PTKG,0.0
PAVG,PTKG,0.0
AVG,PTKG,0.0
DWS,PTKG,0.0
PRF,PTKG,0.0
DID,PTKG,0.0
DPOSD,PTKG,0.0
PKOR,PTKG,0.0
DPOSS,PTKG,0.0
PTKG,PTKZU,0.0
PTKG,XY,0.0
PTKG,VKFIN.*,0.0
DIN,PTKG,0.0
ADJV,PTKG,0.0
ADJS,PTKG,0.0
PI,PTKG,0.0
CARDS,DDD,0.0
PTKG,VAFIN,0.0
CARDS,DGN,0.0
CARDS,DPOSN,0.0
CARDS,PTKREL,0.0
CARDS,PAVG,0.0
AVG,CARDS,0.0
CARDS,VAFIN,0.0
CARDS,DDSA,0.0
CARDS,KO*,0.0
CARDS,DNEGS,0.0
CARDS,DDN,0.0
CARDS,DPOSGEN,0.0
ADJN<VVPP,CARDS,0.0
PTKG,VMFIN.konj,0.0
PTKG,VVPS,0.0
PTKG,PTKVZ,0.0
PAVREL,PTKG,0.0
DDSA,PTKG,0.0
KO*,PTKG,0.0
DNEGS,PTKG,0.0
DDN,PTKG,0.0
DPOSGEN,PTKG,0.0
ADJN<VVPP,PTKG,0.0
DIS,PTKG,0.0
ADJA<VVPP,PTKG,0.0
AVW,PTKG,0.0
ADJA<VVPS,PTKG,0.0
DGS,PTKG,0.0
PTKG,VKPS,0.0
DPDS,PTKG,0.0
PTKANT,PTKG,0.0
PTKG,VKPP,0.0
PTKG,VAPP,0.0
AVNEG,PTKG,0.0
DGA,PTKG,0.0
DRELA,PTKG,0.0
APPO,PTKG,0.0
PTKG,VMINF,0.0
ADJN,PTKG,0.0
PTKG,VAINF,0.0
PTKG,VKINF,0.0
PTKG,VAFIN.konj,0.0
DWS,VVFIN.konj,0.0
DWS,PTKVZ,0.0
DWS,PAVREL,0.0
ADJS,PAVREL,0.0
ADJS,AVW,0.0
ADJS,DGS,0.0
ADJS,VKPS,0.0
ADJS,DPDS,0.0
ADJS,PTKANT,0.0
ADJS,VKPP,0.0
ADJS,VAPP,0.0
ADJS,DGA,0.0
ADJS,DRELA,0.0
ADJS,VVIMP,0.0
ADJS,VKINF,0.0
ADJS,VAFIN.konj,0.0
ADJS,VKFIN.konj,0.0
PI,VAFIN,0.0
ADJS,AVREL,0.0
ADJS,PRF,0.0
ADJS,DID,0.0
ADJS,DPOSD,0.0
ADJS,PKOR,0.0
ADJS,DPOSS,0.0
ADJS,PTKZU,0.0
ADJS,PTKNEG,0.0
DDD,PI,0.0
DPOSN,PI,0.0
PI,PTKREL,0.0
PAVG,PI,0.0
ADJN<VVPP,ADJS,0.0
ADJS,DPOSGEN,0.0
ADJS,DNEGS,0.0
ADJS,KO*,0.0
PTKNEG,VAFIN.konj,0.0
PAVREL,PTKNEG,0.0
PTKNEG,VVFIN.konj,0.0
PTKNEG,VVPS,0.0
PTKNEG,VMFIN.konj,0.0
PTKNEG,VKFIN.konj,0.0
AVREL,PTKNEG,0.0
KOKOM,PTKNEG,0.0
DID,PTKNEG,0.0
DPOSD,PTKNEG,0.0
PKOR,PTKNEG,0.0
DPOSS,PTKNEG,0.0
PTKNEG,PTKZU,0.0
PTKNEG,XY,0.0
PTKNEG,VKFIN.*,0.0
DIN,PTKNEG,0.0
ADJV,PTKNEG,0.0
ADJS,DDD,0.0
ADJS,DGN,0.0
ADJS,DPOSN,0.0
ADJS,PTKREL,0.0
ADJS,PAVG,0.0
ADJS,AVG,0.0
ADJS,VAFIN,0.0
ADJS,DDSA,0.0
AVG,PI,0.0
DDSA,PI,0.0
DWS,VAFIN.konj,0.0
DPDS,DWS,0.0
DDSA,DWS,0.0
DWS,KO*,0.0
DNEGS,DWS,0.0
DDN,DWS,0.0
DPOSGEN,DWS,0.0
ADJN<VVPP,DWS,0.0
DIS,DWS,0.0
ADJA<VVPP,DWS,0.0
AVW,DWS,0.0
ADJA<VVPS,DWS,0.0
DGS,DWS,0.0
DWS,VKPS,0.0
DWS,PTKANT,0.0
KO*,PI,0.0
DWS,VKPP,0.0
DWS,VAPP,0.0
AVNEG,DWS,0.0
DGA,DWS,0.0
DRELA,DWS,0.0
APPO,DWS,0.0
DWS,VMINF,0.0
ADJN,DWS,0.0
DWS,VVIMP,0.0
DWS,VAINF,0.0
DWS,PNEG,0.0
DWS,VKINF,0.0
DWS,VAFIN,0.0
AVG,DWS,0.0
DWS,PAVG,0.0
DWS,PTKREL,0.0
DNEGS,PI,0.0
DPOSGEN,PI,0.0
ADJN<VVPP,PI,0.0
ADJA<VVPS,PI,0.0
PI,VKPS,0.0
DPDS,PI,0.0
PI,PTKANT,0.0
PI,VKPP,0.0
PI,VAPP,0.0
APPO,PI,0.0
PI,VMINF,0.0
PI,VVIMP,0.0
PI,VAINF,0.0
PI,VKINF,0.0
PAVREL,PI,0.0
PI,VVPS,0.0
PI,VMFIN.konj,0.0
DPOSD,PI,0.0
PI,PKOR,0.0
DPOSS,PI,0.0
PI,PTKZU,0.0
PI,XY,0.0
DDD,DWS,0.0
DGN,DWS,0.0
DPOSN,DWS,0.0
CARDS,PTKN,0.0
